[
  {
    "lesson_id":"w01-cli-logger-discipline-d01-quest-define-your-cli-contract-2h",
    "lesson_title":"Quest: Define Your CLI Contract  2h",
    "part_slug":"w01-cli-logger-discipline",
    "part_title":"CLI & Logger Discipline",
    "lesson_order":1,
    "visual_id":"flow-while-loop",
    "visual_title":"While loop flowchart",
    "visual_page_url":"https:\/\/commons.wikimedia.org\/wiki\/File:While-loop-diagram.svg",
    "visual_download_url":"https:\/\/commons.wikimedia.org\/wiki\/Special:FilePath\/While-loop-diagram.svg",
    "visual_license":"CC0 1.0 (public domain dedication)",
    "alt_text":"Flowchart of a while loop: check condition, execute body, repeat.",
    "note":"Wikimedia Commons"
  },
  {
    "lesson_id":"w01-cli-logger-discipline-d02-quest-logger-write-path-2h",
    "lesson_title":"Quest: Logger Write Path  2h",
    "part_slug":"w01-cli-logger-discipline",
    "part_title":"CLI & Logger Discipline",
    "lesson_order":2,
    "visual_id":"flow-while-loop",
    "visual_title":"While loop flowchart",
    "visual_page_url":"https:\/\/commons.wikimedia.org\/wiki\/File:While-loop-diagram.svg",
    "visual_download_url":"https:\/\/commons.wikimedia.org\/wiki\/Special:FilePath\/While-loop-diagram.svg",
    "visual_license":"CC0 1.0 (public domain dedication)",
    "alt_text":"Flowchart of a while loop: check condition, execute body, repeat.",
    "note":"Wikimedia Commons"
  },
  {
    "lesson_id":"w01-cli-logger-discipline-d03-quest-validation-boundaries-2h",
    "lesson_title":"Quest: Validation Boundaries  2h",
    "part_slug":"w01-cli-logger-discipline",
    "part_title":"CLI & Logger Discipline",
    "lesson_order":3,
    "visual_id":"flow-while-loop",
    "visual_title":"While loop flowchart",
    "visual_page_url":"https:\/\/commons.wikimedia.org\/wiki\/File:While-loop-diagram.svg",
    "visual_download_url":"https:\/\/commons.wikimedia.org\/wiki\/Special:FilePath\/While-loop-diagram.svg",
    "visual_license":"CC0 1.0 (public domain dedication)",
    "alt_text":"Flowchart of a while loop: check condition, execute body, repeat.",
    "note":"Wikimedia Commons"
  },
  {
    "lesson_id":"w01-cli-logger-discipline-d04-quest-error-catalog-2h",
    "lesson_title":"Quest: Error Catalog  2h",
    "part_slug":"w01-cli-logger-discipline",
    "part_title":"CLI & Logger Discipline",
    "lesson_order":4,
    "visual_id":"flow-while-loop",
    "visual_title":"While loop flowchart",
    "visual_page_url":"https:\/\/commons.wikimedia.org\/wiki\/File:While-loop-diagram.svg",
    "visual_download_url":"https:\/\/commons.wikimedia.org\/wiki\/Special:FilePath\/While-loop-diagram.svg",
    "visual_license":"CC0 1.0 (public domain dedication)",
    "alt_text":"Flowchart of a while loop: check condition, execute body, repeat.",
    "note":"Wikimedia Commons"
  },
  {
    "lesson_id":"w01-cli-logger-discipline-d05-quest-test-plan-design-2h",
    "lesson_title":"Quest: Test Plan Design  2h",
    "part_slug":"w01-cli-logger-discipline",
    "part_title":"CLI & Logger Discipline",
    "lesson_order":5,
    "visual_id":"flow-while-loop",
    "visual_title":"While loop flowchart",
    "visual_page_url":"https:\/\/commons.wikimedia.org\/wiki\/File:While-loop-diagram.svg",
    "visual_download_url":"https:\/\/commons.wikimedia.org\/wiki\/Special:FilePath\/While-loop-diagram.svg",
    "visual_license":"CC0 1.0 (public domain dedication)",
    "alt_text":"Flowchart of a while loop: check condition, execute body, repeat.",
    "note":"Wikimedia Commons"
  },
  {
    "lesson_id":"w02-tcp-echo-server-with-stream-safe-framing-d01-quest-tcp-lifecycle-spec-2h",
    "lesson_title":"Quest: TCP Lifecycle Spec  2h",
    "part_slug":"w02-tcp-echo-server-with-stream-safe-framing",
    "part_title":"TCP Echo Server with Stream-Safe Framing",
    "lesson_order":1,
    "visual_id":"tcp-transfer",
    "visual_title":"TCP transfer \/ segmentation & reassembly",
    "visual_page_url":"https:\/\/commons.wikimedia.org\/wiki\/File:Tcp_transfer.png",
    "visual_download_url":"https:\/\/commons.wikimedia.org\/wiki\/Special:FilePath\/Tcp_transfer.png",
    "visual_license":"CC BY-SA 3.0 or GFDL (dual-licensed)",
    "alt_text":"Diagram showing TCP data split into segments and reassembled at receiver.",
    "note":"Wikimedia Commons"
  },
  {
    "lesson_id":"w02-tcp-echo-server-with-stream-safe-framing-d02-quest-partial-io-mastery-2h",
    "lesson_title":"Quest: Partial I\/O Mastery  2h",
    "part_slug":"w02-tcp-echo-server-with-stream-safe-framing",
    "part_title":"TCP Echo Server with Stream-Safe Framing",
    "lesson_order":2,
    "visual_id":"tcp-transfer",
    "visual_title":"TCP transfer \/ segmentation & reassembly",
    "visual_page_url":"https:\/\/commons.wikimedia.org\/wiki\/File:Tcp_transfer.png",
    "visual_download_url":"https:\/\/commons.wikimedia.org\/wiki\/Special:FilePath\/Tcp_transfer.png",
    "visual_license":"CC BY-SA 3.0 or GFDL (dual-licensed)",
    "alt_text":"Diagram showing TCP data split into segments and reassembled at receiver.",
    "note":"Wikimedia Commons"
  },
  {
    "lesson_id":"w02-tcp-echo-server-with-stream-safe-framing-d03-quest-frame-parser-2h",
    "lesson_title":"Quest: Frame Parser  2h",
    "part_slug":"w02-tcp-echo-server-with-stream-safe-framing",
    "part_title":"TCP Echo Server with Stream-Safe Framing",
    "lesson_order":3,
    "visual_id":"tcp-transfer",
    "visual_title":"TCP transfer \/ segmentation & reassembly",
    "visual_page_url":"https:\/\/commons.wikimedia.org\/wiki\/File:Tcp_transfer.png",
    "visual_download_url":"https:\/\/commons.wikimedia.org\/wiki\/Special:FilePath\/Tcp_transfer.png",
    "visual_license":"CC BY-SA 3.0 or GFDL (dual-licensed)",
    "alt_text":"Diagram showing TCP data split into segments and reassembled at receiver.",
    "note":"Wikimedia Commons"
  },
  {
    "lesson_id":"w02-tcp-echo-server-with-stream-safe-framing-d04-quest-timeout-policy-2h",
    "lesson_title":"Quest: Timeout Policy  2h",
    "part_slug":"w02-tcp-echo-server-with-stream-safe-framing",
    "part_title":"TCP Echo Server with Stream-Safe Framing",
    "lesson_order":4,
    "visual_id":"tcp-transfer",
    "visual_title":"TCP transfer \/ segmentation & reassembly",
    "visual_page_url":"https:\/\/commons.wikimedia.org\/wiki\/File:Tcp_transfer.png",
    "visual_download_url":"https:\/\/commons.wikimedia.org\/wiki\/Special:FilePath\/Tcp_transfer.png",
    "visual_license":"CC BY-SA 3.0 or GFDL (dual-licensed)",
    "alt_text":"Diagram showing TCP data split into segments and reassembled at receiver.",
    "note":"Wikimedia Commons"
  },
  {
    "lesson_id":"w02-tcp-echo-server-with-stream-safe-framing-d05-quest-client-retry-rules-2h",
    "lesson_title":"Quest: Client Retry Rules  2h",
    "part_slug":"w02-tcp-echo-server-with-stream-safe-framing",
    "part_title":"TCP Echo Server with Stream-Safe Framing",
    "lesson_order":5,
    "visual_id":"tcp-transfer",
    "visual_title":"TCP transfer \/ segmentation & reassembly",
    "visual_page_url":"https:\/\/commons.wikimedia.org\/wiki\/File:Tcp_transfer.png",
    "visual_download_url":"https:\/\/commons.wikimedia.org\/wiki\/Special:FilePath\/Tcp_transfer.png",
    "visual_license":"CC BY-SA 3.0 or GFDL (dual-licensed)",
    "alt_text":"Diagram showing TCP data split into segments and reassembled at receiver.",
    "note":"Wikimedia Commons"
  },
  {
    "lesson_id":"w03-multi-client-event-loop-d01-quest-event-loop-state-model-2h",
    "lesson_title":"Quest: Event Loop State Model  2h",
    "part_slug":"w03-multi-client-event-loop",
    "part_title":"Multi-Client Event Loop",
    "lesson_order":1,
    "visual_id":"fd-file-inode-table",
    "visual_title":"File descriptors → file table → inode table",
    "visual_page_url":"https:\/\/commons.wikimedia.org\/wiki\/File:File_table_and_inode_table.svg",
    "visual_download_url":"https:\/\/commons.wikimedia.org\/wiki\/Special:FilePath\/File_table_and_inode_table.svg",
    "visual_license":"See file page (Wikimedia Commons)",
    "alt_text":"Unix diagram mapping file descriptors to file table entries and inodes.",
    "note":"Wikimedia Commons"
  },
  {
    "lesson_id":"w03-multi-client-event-loop-d02-quest-first-multi-client-loop-2h",
    "lesson_title":"Quest: First Multi-Client Loop  2h",
    "part_slug":"w03-multi-client-event-loop",
    "part_title":"Multi-Client Event Loop",
    "lesson_order":2,
    "visual_id":"fd-file-inode-table",
    "visual_title":"File descriptors → file table → inode table",
    "visual_page_url":"https:\/\/commons.wikimedia.org\/wiki\/File:File_table_and_inode_table.svg",
    "visual_download_url":"https:\/\/commons.wikimedia.org\/wiki\/Special:FilePath\/File_table_and_inode_table.svg",
    "visual_license":"See file page (Wikimedia Commons)",
    "alt_text":"Unix diagram mapping file descriptors to file table entries and inodes.",
    "note":"Wikimedia Commons"
  },
  {
    "lesson_id":"w03-multi-client-event-loop-d03-quest-backpressure-policy-2h",
    "lesson_title":"Quest: Backpressure Policy  2h",
    "part_slug":"w03-multi-client-event-loop",
    "part_title":"Multi-Client Event Loop",
    "lesson_order":3,
    "visual_id":"fd-file-inode-table",
    "visual_title":"File descriptors → file table → inode table",
    "visual_page_url":"https:\/\/commons.wikimedia.org\/wiki\/File:File_table_and_inode_table.svg",
    "visual_download_url":"https:\/\/commons.wikimedia.org\/wiki\/Special:FilePath\/File_table_and_inode_table.svg",
    "visual_license":"See file page (Wikimedia Commons)",
    "alt_text":"Unix diagram mapping file descriptors to file table entries and inodes.",
    "note":"Wikimedia Commons"
  },
  {
    "lesson_id":"w03-multi-client-event-loop-d04-quest-poll-migration-2h",
    "lesson_title":"Quest: Poll Migration  2h",
    "part_slug":"w03-multi-client-event-loop",
    "part_title":"Multi-Client Event Loop",
    "lesson_order":4,
    "visual_id":"fd-file-inode-table",
    "visual_title":"File descriptors → file table → inode table",
    "visual_page_url":"https:\/\/commons.wikimedia.org\/wiki\/File:File_table_and_inode_table.svg",
    "visual_download_url":"https:\/\/commons.wikimedia.org\/wiki\/Special:FilePath\/File_table_and_inode_table.svg",
    "visual_license":"See file page (Wikimedia Commons)",
    "alt_text":"Unix diagram mapping file descriptors to file table entries and inodes.",
    "note":"Wikimedia Commons"
  },
  {
    "lesson_id":"w03-multi-client-event-loop-d05-quest-connection-lifecycle-tests-2h",
    "lesson_title":"Quest: Connection Lifecycle Tests  2h",
    "part_slug":"w03-multi-client-event-loop",
    "part_title":"Multi-Client Event Loop",
    "lesson_order":5,
    "visual_id":"fd-file-inode-table",
    "visual_title":"File descriptors → file table → inode table",
    "visual_page_url":"https:\/\/commons.wikimedia.org\/wiki\/File:File_table_and_inode_table.svg",
    "visual_download_url":"https:\/\/commons.wikimedia.org\/wiki\/Special:FilePath\/File_table_and_inode_table.svg",
    "visual_license":"See file page (Wikimedia Commons)",
    "alt_text":"Unix diagram mapping file descriptors to file table entries and inodes.",
    "note":"Wikimedia Commons"
  },
  {
    "lesson_id":"w04-epoll-http-client-d01-quest-epoll-strategy-2h",
    "lesson_title":"Quest: Epoll Strategy  2h",
    "part_slug":"w04-epoll-http-client",
    "part_title":"Epoll & HTTP Client",
    "lesson_order":1,
    "visual_id":"http-transaction",
    "visual_title":"Simplified HTTP transaction",
    "visual_page_url":"https:\/\/commons.wikimedia.org\/wiki\/File:Simplified_diagram_of_an_HTTP_transaction.png",
    "visual_download_url":"https:\/\/commons.wikimedia.org\/wiki\/Special:FilePath\/Simplified_diagram_of_an_HTTP_transaction.png",
    "visual_license":"CC BY-SA 4.0",
    "alt_text":"Client sends HTTP request to server and receives response.",
    "note":"Wikimedia Commons"
  },
  {
    "lesson_id":"w04-epoll-http-client-d02-quest-timer-design-2h",
    "lesson_title":"Quest: Timer Design  2h",
    "part_slug":"w04-epoll-http-client",
    "part_title":"Epoll & HTTP Client",
    "lesson_order":2,
    "visual_id":"http-transaction",
    "visual_title":"Simplified HTTP transaction",
    "visual_page_url":"https:\/\/commons.wikimedia.org\/wiki\/File:Simplified_diagram_of_an_HTTP_transaction.png",
    "visual_download_url":"https:\/\/commons.wikimedia.org\/wiki\/Special:FilePath\/Simplified_diagram_of_an_HTTP_transaction.png",
    "visual_license":"CC BY-SA 4.0",
    "alt_text":"Client sends HTTP request to server and receives response.",
    "note":"Wikimedia Commons"
  },
  {
    "lesson_id":"w04-epoll-http-client-d03-quest-http-parser-spec-2h",
    "lesson_title":"Quest: HTTP Parser Spec  2h",
    "part_slug":"w04-epoll-http-client",
    "part_title":"Epoll & HTTP Client",
    "lesson_order":3,
    "visual_id":"http-transaction",
    "visual_title":"Simplified HTTP transaction",
    "visual_page_url":"https:\/\/commons.wikimedia.org\/wiki\/File:Simplified_diagram_of_an_HTTP_transaction.png",
    "visual_download_url":"https:\/\/commons.wikimedia.org\/wiki\/Special:FilePath\/Simplified_diagram_of_an_HTTP_transaction.png",
    "visual_license":"CC BY-SA 4.0",
    "alt_text":"Client sends HTTP request to server and receives response.",
    "note":"Wikimedia Commons"
  },
  {
    "lesson_id":"w04-epoll-http-client-d04-quest-http-timeout-matrix-2h",
    "lesson_title":"Quest: HTTP Timeout Matrix  2h",
    "part_slug":"w04-epoll-http-client",
    "part_title":"Epoll & HTTP Client",
    "lesson_order":4,
    "visual_id":"http-transaction",
    "visual_title":"Simplified HTTP transaction",
    "visual_page_url":"https:\/\/commons.wikimedia.org\/wiki\/File:Simplified_diagram_of_an_HTTP_transaction.png",
    "visual_download_url":"https:\/\/commons.wikimedia.org\/wiki\/Special:FilePath\/Simplified_diagram_of_an_HTTP_transaction.png",
    "visual_license":"CC BY-SA 4.0",
    "alt_text":"Client sends HTTP request to server and receives response.",
    "note":"Wikimedia Commons"
  },
  {
    "lesson_id":"w04-epoll-http-client-d05-quest-end-to-end-trace-2h",
    "lesson_title":"Quest: End-to-End Trace  2h",
    "part_slug":"w04-epoll-http-client",
    "part_title":"Epoll & HTTP Client",
    "lesson_order":5,
    "visual_id":"http-transaction",
    "visual_title":"Simplified HTTP transaction",
    "visual_page_url":"https:\/\/commons.wikimedia.org\/wiki\/File:Simplified_diagram_of_an_HTTP_transaction.png",
    "visual_download_url":"https:\/\/commons.wikimedia.org\/wiki\/Special:FilePath\/Simplified_diagram_of_an_HTTP_transaction.png",
    "visual_license":"CC BY-SA 4.0",
    "alt_text":"Client sends HTTP request to server and receives response.",
    "note":"Wikimedia Commons"
  },
  {
    "lesson_id":"w05-thread-pool-safe-task-execution-d01-quest-concurrency-model-2h",
    "lesson_title":"Quest: Concurrency Model  2h",
    "part_slug":"w05-thread-pool-safe-task-execution",
    "part_title":"Thread Pool & Safe Task Execution",
    "lesson_order":1,
    "visual_id":"thread-pool",
    "visual_title":"Thread pool with task queue",
    "visual_page_url":"https:\/\/commons.wikimedia.org\/wiki\/File:Thread_pool.svg",
    "visual_download_url":"https:\/\/commons.wikimedia.org\/wiki\/Special:FilePath\/Thread_pool.svg",
    "visual_license":"CC BY-SA 3.0 or GFDL (dual-licensed)",
    "alt_text":"A thread pool where tasks queue up and threads execute tasks.",
    "note":"Wikimedia Commons"
  },
  {
    "lesson_id":"w05-thread-pool-safe-task-execution-d02-quest-bounded-work-queue-2h",
    "lesson_title":"Quest: Bounded Work Queue  2h",
    "part_slug":"w05-thread-pool-safe-task-execution",
    "part_title":"Thread Pool & Safe Task Execution",
    "lesson_order":2,
    "visual_id":"thread-pool",
    "visual_title":"Thread pool with task queue",
    "visual_page_url":"https:\/\/commons.wikimedia.org\/wiki\/File:Thread_pool.svg",
    "visual_download_url":"https:\/\/commons.wikimedia.org\/wiki\/Special:FilePath\/Thread_pool.svg",
    "visual_license":"CC BY-SA 3.0 or GFDL (dual-licensed)",
    "alt_text":"A thread pool where tasks queue up and threads execute tasks.",
    "note":"Wikimedia Commons"
  },
  {
    "lesson_id":"w05-thread-pool-safe-task-execution-d03-quest-scheduling-policy-2h",
    "lesson_title":"Quest: Scheduling Policy  2h",
    "part_slug":"w05-thread-pool-safe-task-execution",
    "part_title":"Thread Pool & Safe Task Execution",
    "lesson_order":3,
    "visual_id":"thread-pool",
    "visual_title":"Thread pool with task queue",
    "visual_page_url":"https:\/\/commons.wikimedia.org\/wiki\/File:Thread_pool.svg",
    "visual_download_url":"https:\/\/commons.wikimedia.org\/wiki\/Special:FilePath\/Thread_pool.svg",
    "visual_license":"CC BY-SA 3.0 or GFDL (dual-licensed)",
    "alt_text":"A thread pool where tasks queue up and threads execute tasks.",
    "note":"Wikimedia Commons"
  },
  {
    "lesson_id":"w05-thread-pool-safe-task-execution-d04-quest-contention-metrics-2h",
    "lesson_title":"Quest: Contention Metrics  2h",
    "part_slug":"w05-thread-pool-safe-task-execution",
    "part_title":"Thread Pool & Safe Task Execution",
    "lesson_order":4,
    "visual_id":"thread-pool",
    "visual_title":"Thread pool with task queue",
    "visual_page_url":"https:\/\/commons.wikimedia.org\/wiki\/File:Thread_pool.svg",
    "visual_download_url":"https:\/\/commons.wikimedia.org\/wiki\/Special:FilePath\/Thread_pool.svg",
    "visual_license":"CC BY-SA 3.0 or GFDL (dual-licensed)",
    "alt_text":"A thread pool where tasks queue up and threads execute tasks.",
    "note":"Wikimedia Commons"
  },
  {
    "lesson_id":"w05-thread-pool-safe-task-execution-d05-quest-graceful-shutdown-2h",
    "lesson_title":"Quest: Graceful Shutdown  2h",
    "part_slug":"w05-thread-pool-safe-task-execution",
    "part_title":"Thread Pool & Safe Task Execution",
    "lesson_order":5,
    "visual_id":"thread-pool",
    "visual_title":"Thread pool with task queue",
    "visual_page_url":"https:\/\/commons.wikimedia.org\/wiki\/File:Thread_pool.svg",
    "visual_download_url":"https:\/\/commons.wikimedia.org\/wiki\/Special:FilePath\/Thread_pool.svg",
    "visual_license":"CC BY-SA 3.0 or GFDL (dual-licensed)",
    "alt_text":"A thread pool where tasks queue up and threads execute tasks.",
    "note":"Wikimedia Commons"
  },
  {
    "lesson_id":"w06-backpressure-overload-handling-d01-quest-overload-policy-ladder-2h",
    "lesson_title":"Quest: Overload Policy Ladder  2h",
    "part_slug":"w06-backpressure-overload-handling",
    "part_title":"Backpressure & Overload Handling",
    "lesson_order":1,
    "visual_id":"token-bucket",
    "visual_title":"Token bucket (QoS policing)",
    "visual_page_url":"https:\/\/commons.wikimedia.org\/wiki\/File:QoS_tocken_bucket.svg",
    "visual_download_url":"https:\/\/commons.wikimedia.org\/wiki\/Special:FilePath\/QoS_tocken_bucket.svg",
    "visual_license":"See file page (Wikimedia Commons)",
    "alt_text":"Token bucket with tokens arriving and packets passing when enough tokens exist.",
    "note":"Wikimedia Commons"
  },
  {
    "lesson_id":"w06-backpressure-overload-handling-d02-quest-slow-client-defense-2h",
    "lesson_title":"Quest: Slow-Client Defense  2h",
    "part_slug":"w06-backpressure-overload-handling",
    "part_title":"Backpressure & Overload Handling",
    "lesson_order":2,
    "visual_id":"token-bucket",
    "visual_title":"Token bucket (QoS policing)",
    "visual_page_url":"https:\/\/commons.wikimedia.org\/wiki\/File:QoS_tocken_bucket.svg",
    "visual_download_url":"https:\/\/commons.wikimedia.org\/wiki\/Special:FilePath\/QoS_tocken_bucket.svg",
    "visual_license":"See file page (Wikimedia Commons)",
    "alt_text":"Token bucket with tokens arriving and packets passing when enough tokens exist.",
    "note":"Wikimedia Commons"
  },
  {
    "lesson_id":"w06-backpressure-overload-handling-d03-quest-egress-throttle-2h",
    "lesson_title":"Quest: Egress Throttle  2h",
    "part_slug":"w06-backpressure-overload-handling",
    "part_title":"Backpressure & Overload Handling",
    "lesson_order":3,
    "visual_id":"token-bucket",
    "visual_title":"Token bucket (QoS policing)",
    "visual_page_url":"https:\/\/commons.wikimedia.org\/wiki\/File:QoS_tocken_bucket.svg",
    "visual_download_url":"https:\/\/commons.wikimedia.org\/wiki\/Special:FilePath\/QoS_tocken_bucket.svg",
    "visual_license":"See file page (Wikimedia Commons)",
    "alt_text":"Token bucket with tokens arriving and packets passing when enough tokens exist.",
    "note":"Wikimedia Commons"
  },
  {
    "lesson_id":"w06-backpressure-overload-handling-d04-quest-deadline-budget-2h",
    "lesson_title":"Quest: Deadline Budget  2h",
    "part_slug":"w06-backpressure-overload-handling",
    "part_title":"Backpressure & Overload Handling",
    "lesson_order":4,
    "visual_id":"token-bucket",
    "visual_title":"Token bucket (QoS policing)",
    "visual_page_url":"https:\/\/commons.wikimedia.org\/wiki\/File:QoS_tocken_bucket.svg",
    "visual_download_url":"https:\/\/commons.wikimedia.org\/wiki\/Special:FilePath\/QoS_tocken_bucket.svg",
    "visual_license":"See file page (Wikimedia Commons)",
    "alt_text":"Token bucket with tokens arriving and packets passing when enough tokens exist.",
    "note":"Wikimedia Commons"
  },
  {
    "lesson_id":"w06-backpressure-overload-handling-d05-quest-failure-injection-matrix-2h",
    "lesson_title":"Quest: Failure Injection Matrix  2h",
    "part_slug":"w06-backpressure-overload-handling",
    "part_title":"Backpressure & Overload Handling",
    "lesson_order":5,
    "visual_id":"token-bucket",
    "visual_title":"Token bucket (QoS policing)",
    "visual_page_url":"https:\/\/commons.wikimedia.org\/wiki\/File:QoS_tocken_bucket.svg",
    "visual_download_url":"https:\/\/commons.wikimedia.org\/wiki\/Special:FilePath\/QoS_tocken_bucket.svg",
    "visual_license":"See file page (Wikimedia Commons)",
    "alt_text":"Token bucket with tokens arriving and packets passing when enough tokens exist.",
    "note":"Wikimedia Commons"
  },
  {
    "lesson_id":"w07-hashing-integrity-proofs-d01-quest-hash-use-cases-2h",
    "lesson_title":"Quest: Hash Use Cases  2h",
    "part_slug":"w07-hashing-integrity-proofs",
    "part_title":"Hashing & Integrity Proofs",
    "lesson_order":1,
    "visual_id":"crypto-hash",
    "visual_title":"Cryptographic hash function",
    "visual_page_url":"https:\/\/commons.wikimedia.org\/wiki\/File:Cryptographic_Hash_Function.svg",
    "visual_download_url":"https:\/\/commons.wikimedia.org\/wiki\/Special:FilePath\/Cryptographic_Hash_Function.svg",
    "visual_license":"Public domain",
    "alt_text":"Hash function maps input message to fixed-length digest; small input change changes digest.",
    "note":"Wikimedia Commons"
  },
  {
    "lesson_id":"w07-hashing-integrity-proofs-d02-quest-streaming-hash-plan-2h",
    "lesson_title":"Quest: Streaming Hash Plan  2h",
    "part_slug":"w07-hashing-integrity-proofs",
    "part_title":"Hashing & Integrity Proofs",
    "lesson_order":2,
    "visual_id":"crypto-hash",
    "visual_title":"Cryptographic hash function",
    "visual_page_url":"https:\/\/commons.wikimedia.org\/wiki\/File:Cryptographic_Hash_Function.svg",
    "visual_download_url":"https:\/\/commons.wikimedia.org\/wiki\/Special:FilePath\/Cryptographic_Hash_Function.svg",
    "visual_license":"Public domain",
    "alt_text":"Hash function maps input message to fixed-length digest; small input change changes digest.",
    "note":"Wikimedia Commons"
  },
  {
    "lesson_id":"w07-hashing-integrity-proofs-d03-quest-protocol-hash-envelope-2h",
    "lesson_title":"Quest: Protocol Hash Envelope  2h",
    "part_slug":"w07-hashing-integrity-proofs",
    "part_title":"Hashing & Integrity Proofs",
    "lesson_order":3,
    "visual_id":"crypto-hash",
    "visual_title":"Cryptographic hash function",
    "visual_page_url":"https:\/\/commons.wikimedia.org\/wiki\/File:Cryptographic_Hash_Function.svg",
    "visual_download_url":"https:\/\/commons.wikimedia.org\/wiki\/Special:FilePath\/Cryptographic_Hash_Function.svg",
    "visual_license":"Public domain",
    "alt_text":"Hash function maps input message to fixed-length digest; small input change changes digest.",
    "note":"Wikimedia Commons"
  },
  {
    "lesson_id":"w07-hashing-integrity-proofs-d04-quest-canonicalization-rules-2h",
    "lesson_title":"Quest: Canonicalization Rules  2h",
    "part_slug":"w07-hashing-integrity-proofs",
    "part_title":"Hashing & Integrity Proofs",
    "lesson_order":4,
    "visual_id":"crypto-hash",
    "visual_title":"Cryptographic hash function",
    "visual_page_url":"https:\/\/commons.wikimedia.org\/wiki\/File:Cryptographic_Hash_Function.svg",
    "visual_download_url":"https:\/\/commons.wikimedia.org\/wiki\/Special:FilePath\/Cryptographic_Hash_Function.svg",
    "visual_license":"Public domain",
    "alt_text":"Hash function maps input message to fixed-length digest; small input change changes digest.",
    "note":"Wikimedia Commons"
  },
  {
    "lesson_id":"w07-hashing-integrity-proofs-d05-quest-integrity-audit-drill-2h",
    "lesson_title":"Quest: Integrity Audit Drill  2h",
    "part_slug":"w07-hashing-integrity-proofs",
    "part_title":"Hashing & Integrity Proofs",
    "lesson_order":5,
    "visual_id":"crypto-hash",
    "visual_title":"Cryptographic hash function",
    "visual_page_url":"https:\/\/commons.wikimedia.org\/wiki\/File:Cryptographic_Hash_Function.svg",
    "visual_download_url":"https:\/\/commons.wikimedia.org\/wiki\/Special:FilePath\/Cryptographic_Hash_Function.svg",
    "visual_license":"Public domain",
    "alt_text":"Hash function maps input message to fixed-length digest; small input change changes digest.",
    "note":"Wikimedia Commons"
  },
  {
    "lesson_id":"w08-signatures-replay-protection-d01-quest-key-policy-2h",
    "lesson_title":"Quest: Key Policy  2h",
    "part_slug":"w08-signatures-replay-protection",
    "part_title":"Signatures & Replay Protection",
    "lesson_order":1,
    "visual_id":"digital-signature",
    "visual_title":"Digital signature: sign & verify",
    "visual_page_url":"https:\/\/commons.wikimedia.org\/wiki\/File:Digital_Signature_diagram.svg",
    "visual_download_url":"https:\/\/commons.wikimedia.org\/wiki\/Special:FilePath\/Digital_Signature_diagram.svg",
    "visual_license":"CC BY-SA 3.0 or GFDL (dual-licensed)",
    "alt_text":"Sender signs a hash with private key; verifier checks with public key.",
    "note":"Wikimedia Commons"
  },
  {
    "lesson_id":"w08-signatures-replay-protection-d02-quest-signverify-spec-2h",
    "lesson_title":"Quest: Sign\/Verify Spec  2h",
    "part_slug":"w08-signatures-replay-protection",
    "part_title":"Signatures & Replay Protection",
    "lesson_order":2,
    "visual_id":"digital-signature",
    "visual_title":"Digital signature: sign & verify",
    "visual_page_url":"https:\/\/commons.wikimedia.org\/wiki\/File:Digital_Signature_diagram.svg",
    "visual_download_url":"https:\/\/commons.wikimedia.org\/wiki\/Special:FilePath\/Digital_Signature_diagram.svg",
    "visual_license":"CC BY-SA 3.0 or GFDL (dual-licensed)",
    "alt_text":"Sender signs a hash with private key; verifier checks with public key.",
    "note":"Wikimedia Commons"
  },
  {
    "lesson_id":"w08-signatures-replay-protection-d03-quest-replay-defense-2h",
    "lesson_title":"Quest: Replay Defense  2h",
    "part_slug":"w08-signatures-replay-protection",
    "part_title":"Signatures & Replay Protection",
    "lesson_order":3,
    "visual_id":"digital-signature",
    "visual_title":"Digital signature: sign & verify",
    "visual_page_url":"https:\/\/commons.wikimedia.org\/wiki\/File:Digital_Signature_diagram.svg",
    "visual_download_url":"https:\/\/commons.wikimedia.org\/wiki\/Special:FilePath\/Digital_Signature_diagram.svg",
    "visual_license":"CC BY-SA 3.0 or GFDL (dual-licensed)",
    "alt_text":"Sender signs a hash with private key; verifier checks with public key.",
    "note":"Wikimedia Commons"
  },
  {
    "lesson_id":"w08-signatures-replay-protection-d04-quest-signed-envelope-v1-2h",
    "lesson_title":"Quest: Signed Envelope v1  2h",
    "part_slug":"w08-signatures-replay-protection",
    "part_title":"Signatures & Replay Protection",
    "lesson_order":4,
    "visual_id":"digital-signature",
    "visual_title":"Digital signature: sign & verify",
    "visual_page_url":"https:\/\/commons.wikimedia.org\/wiki\/File:Digital_Signature_diagram.svg",
    "visual_download_url":"https:\/\/commons.wikimedia.org\/wiki\/Special:FilePath\/Digital_Signature_diagram.svg",
    "visual_license":"CC BY-SA 3.0 or GFDL (dual-licensed)",
    "alt_text":"Sender signs a hash with private key; verifier checks with public key.",
    "note":"Wikimedia Commons"
  },
  {
    "lesson_id":"w08-signatures-replay-protection-d05-quest-verify-performance-2h",
    "lesson_title":"Quest: Verify Performance  2h",
    "part_slug":"w08-signatures-replay-protection",
    "part_title":"Signatures & Replay Protection",
    "lesson_order":5,
    "visual_id":"digital-signature",
    "visual_title":"Digital signature: sign & verify",
    "visual_page_url":"https:\/\/commons.wikimedia.org\/wiki\/File:Digital_Signature_diagram.svg",
    "visual_download_url":"https:\/\/commons.wikimedia.org\/wiki\/Special:FilePath\/Digital_Signature_diagram.svg",
    "visual_license":"CC BY-SA 3.0 or GFDL (dual-licensed)",
    "alt_text":"Sender signs a hash with private key; verifier checks with public key.",
    "note":"Wikimedia Commons"
  },
  {
    "lesson_id":"w09-kv-store-core-state-model-d01-quest-kv-command-spec-2h",
    "lesson_title":"Quest: KV Command Spec  2h",
    "part_slug":"w09-kv-store-core-state-model",
    "part_title":"KV Store Core & State Model",
    "lesson_order":1,
    "visual_id":"custom-event-loop",
    "visual_title":"Custom: event loop \/ readiness-based I\/O",
    "visual_page_url":"",
    "visual_download_url":"",
    "visual_license":"You create this (recommended)",
    "alt_text":"Event loop: wait for readiness, handle events, repeat.",
    "note":"Custom (Mermaid\/Draw.io)"
  },
  {
    "lesson_id":"w09-kv-store-core-state-model-d02-quest-versioning-rules-2h",
    "lesson_title":"Quest: Versioning Rules  2h",
    "part_slug":"w09-kv-store-core-state-model",
    "part_title":"KV Store Core & State Model",
    "lesson_order":2,
    "visual_id":"custom-event-loop",
    "visual_title":"Custom: event loop \/ readiness-based I\/O",
    "visual_page_url":"",
    "visual_download_url":"",
    "visual_license":"You create this (recommended)",
    "alt_text":"Event loop: wait for readiness, handle events, repeat.",
    "note":"Custom (Mermaid\/Draw.io)"
  },
  {
    "lesson_id":"w09-kv-store-core-state-model-d03-quest-serialization-format-2h",
    "lesson_title":"Quest: Serialization Format  2h",
    "part_slug":"w09-kv-store-core-state-model",
    "part_title":"KV Store Core & State Model",
    "lesson_order":3,
    "visual_id":"custom-event-loop",
    "visual_title":"Custom: event loop \/ readiness-based I\/O",
    "visual_page_url":"",
    "visual_download_url":"",
    "visual_license":"You create this (recommended)",
    "alt_text":"Event loop: wait for readiness, handle events, repeat.",
    "note":"Custom (Mermaid\/Draw.io)"
  },
  {
    "lesson_id":"w09-kv-store-core-state-model-d04-quest-snapshot-rules-2h",
    "lesson_title":"Quest: Snapshot Rules  2h",
    "part_slug":"w09-kv-store-core-state-model",
    "part_title":"KV Store Core & State Model",
    "lesson_order":4,
    "visual_id":"custom-event-loop",
    "visual_title":"Custom: event loop \/ readiness-based I\/O",
    "visual_page_url":"",
    "visual_download_url":"",
    "visual_license":"You create this (recommended)",
    "alt_text":"Event loop: wait for readiness, handle events, repeat.",
    "note":"Custom (Mermaid\/Draw.io)"
  },
  {
    "lesson_id":"w09-kv-store-core-state-model-d05-quest-kv-concurrency-policy-2h",
    "lesson_title":"Quest: KV Concurrency Policy  2h",
    "part_slug":"w09-kv-store-core-state-model",
    "part_title":"KV Store Core & State Model",
    "lesson_order":5,
    "visual_id":"custom-event-loop",
    "visual_title":"Custom: event loop \/ readiness-based I\/O",
    "visual_page_url":"",
    "visual_download_url":"",
    "visual_license":"You create this (recommended)",
    "alt_text":"Event loop: wait for readiness, handle events, repeat.",
    "note":"Custom (Mermaid\/Draw.io)"
  },
  {
    "lesson_id":"w10-wal-durability-crash-recovery-d01-quest-wal-schema-2h",
    "lesson_title":"Quest: WAL Schema  2h",
    "part_slug":"w10-wal-durability-crash-recovery",
    "part_title":"WAL Durability & Crash Recovery",
    "lesson_order":1,
    "visual_id":"custom-wal",
    "visual_title":"Custom: write-ahead log + checkpoint",
    "visual_page_url":"",
    "visual_download_url":"",
    "visual_license":"You create this (recommended)",
    "alt_text":"Append log before applying state; checkpoint to compact; recover by replay.",
    "note":"Custom (Mermaid\/Draw.io)"
  },
  {
    "lesson_id":"w10-wal-durability-crash-recovery-d02-quest-fsync-policy-2h",
    "lesson_title":"Quest: Fsync Policy  2h",
    "part_slug":"w10-wal-durability-crash-recovery",
    "part_title":"WAL Durability & Crash Recovery",
    "lesson_order":2,
    "visual_id":"custom-wal",
    "visual_title":"Custom: write-ahead log + checkpoint",
    "visual_page_url":"",
    "visual_download_url":"",
    "visual_license":"You create this (recommended)",
    "alt_text":"Append log before applying state; checkpoint to compact; recover by replay.",
    "note":"Custom (Mermaid\/Draw.io)"
  },
  {
    "lesson_id":"w10-wal-durability-crash-recovery-d03-quest-crash-drill-procedure-2h",
    "lesson_title":"Quest: Crash Drill Procedure  2h",
    "part_slug":"w10-wal-durability-crash-recovery",
    "part_title":"WAL Durability & Crash Recovery",
    "lesson_order":3,
    "visual_id":"custom-wal",
    "visual_title":"Custom: write-ahead log + checkpoint",
    "visual_page_url":"",
    "visual_download_url":"",
    "visual_license":"You create this (recommended)",
    "alt_text":"Append log before applying state; checkpoint to compact; recover by replay.",
    "note":"Custom (Mermaid\/Draw.io)"
  },
  {
    "lesson_id":"w10-wal-durability-crash-recovery-d04-quest-recovery-algorithm-2h",
    "lesson_title":"Quest: Recovery Algorithm  2h",
    "part_slug":"w10-wal-durability-crash-recovery",
    "part_title":"WAL Durability & Crash Recovery",
    "lesson_order":4,
    "visual_id":"custom-wal",
    "visual_title":"Custom: write-ahead log + checkpoint",
    "visual_page_url":"",
    "visual_download_url":"",
    "visual_license":"You create this (recommended)",
    "alt_text":"Append log before applying state; checkpoint to compact; recover by replay.",
    "note":"Custom (Mermaid\/Draw.io)"
  },
  {
    "lesson_id":"w10-wal-durability-crash-recovery-d05-quest-checkpoint-compaction-2h",
    "lesson_title":"Quest: Checkpoint & Compaction  2h",
    "part_slug":"w10-wal-durability-crash-recovery",
    "part_title":"WAL Durability & Crash Recovery",
    "lesson_order":5,
    "visual_id":"custom-wal",
    "visual_title":"Custom: write-ahead log + checkpoint",
    "visual_page_url":"",
    "visual_download_url":"",
    "visual_license":"You create this (recommended)",
    "alt_text":"Append log before applying state; checkpoint to compact; recover by replay.",
    "note":"Custom (Mermaid\/Draw.io)"
  },
  {
    "lesson_id":"w11-replicated-kv-23-nodes-d01-quest-failure-model-2h",
    "lesson_title":"Quest: Failure Model  2h",
    "part_slug":"w11-replicated-kv-23-nodes",
    "part_title":"Replicated KV (2–3 Nodes)",
    "lesson_order":1,
    "visual_id":"primary-backup",
    "visual_title":"Primary-backup replication protocol",
    "visual_page_url":"https:\/\/commons.wikimedia.org\/wiki\/File:Primary-backup-protocol.gif",
    "visual_download_url":"https:\/\/commons.wikimedia.org\/wiki\/Special:FilePath\/Primary-backup-protocol.gif",
    "visual_license":"See file page (Wikimedia Commons)",
    "alt_text":"Primary sends updates to backup and acknowledges to client.",
    "note":"Wikimedia Commons"
  },
  {
    "lesson_id":"w11-replicated-kv-23-nodes-d02-quest-append-rpc-spec-2h",
    "lesson_title":"Quest: Append RPC Spec  2h",
    "part_slug":"w11-replicated-kv-23-nodes",
    "part_title":"Replicated KV (2–3 Nodes)",
    "lesson_order":2,
    "visual_id":"primary-backup",
    "visual_title":"Primary-backup replication protocol",
    "visual_page_url":"https:\/\/commons.wikimedia.org\/wiki\/File:Primary-backup-protocol.gif",
    "visual_download_url":"https:\/\/commons.wikimedia.org\/wiki\/Special:FilePath\/Primary-backup-protocol.gif",
    "visual_license":"See file page (Wikimedia Commons)",
    "alt_text":"Primary sends updates to backup and acknowledges to client.",
    "note":"Wikimedia Commons"
  },
  {
    "lesson_id":"w11-replicated-kv-23-nodes-d03-quest-quorum-commit-rules-2h",
    "lesson_title":"Quest: Quorum Commit Rules  2h",
    "part_slug":"w11-replicated-kv-23-nodes",
    "part_title":"Replicated KV (2–3 Nodes)",
    "lesson_order":3,
    "visual_id":"primary-backup",
    "visual_title":"Primary-backup replication protocol",
    "visual_page_url":"https:\/\/commons.wikimedia.org\/wiki\/File:Primary-backup-protocol.gif",
    "visual_download_url":"https:\/\/commons.wikimedia.org\/wiki\/Special:FilePath\/Primary-backup-protocol.gif",
    "visual_license":"See file page (Wikimedia Commons)",
    "alt_text":"Primary sends updates to backup and acknowledges to client.",
    "note":"Wikimedia Commons"
  },
  {
    "lesson_id":"w11-replicated-kv-23-nodes-d04-quest-follower-catch-up-2h",
    "lesson_title":"Quest: Follower Catch-Up  2h",
    "part_slug":"w11-replicated-kv-23-nodes",
    "part_title":"Replicated KV (2–3 Nodes)",
    "lesson_order":4,
    "visual_id":"primary-backup",
    "visual_title":"Primary-backup replication protocol",
    "visual_page_url":"https:\/\/commons.wikimedia.org\/wiki\/File:Primary-backup-protocol.gif",
    "visual_download_url":"https:\/\/commons.wikimedia.org\/wiki\/Special:FilePath\/Primary-backup-protocol.gif",
    "visual_license":"See file page (Wikimedia Commons)",
    "alt_text":"Primary sends updates to backup and acknowledges to client.",
    "note":"Wikimedia Commons"
  },
  {
    "lesson_id":"w11-replicated-kv-23-nodes-d05-quest-partition-policy-2h",
    "lesson_title":"Quest: Partition Policy  2h",
    "part_slug":"w11-replicated-kv-23-nodes",
    "part_title":"Replicated KV (2–3 Nodes)",
    "lesson_order":5,
    "visual_id":"primary-backup",
    "visual_title":"Primary-backup replication protocol",
    "visual_page_url":"https:\/\/commons.wikimedia.org\/wiki\/File:Primary-backup-protocol.gif",
    "visual_download_url":"https:\/\/commons.wikimedia.org\/wiki\/Special:FilePath\/Primary-backup-protocol.gif",
    "visual_license":"See file page (Wikimedia Commons)",
    "alt_text":"Primary sends updates to backup and acknowledges to client.",
    "note":"Wikimedia Commons"
  },
  {
    "lesson_id":"w12-leader-election-client-idempotency-d01-quest-election-timeouts-2h",
    "lesson_title":"Quest: Election Timeouts  2h",
    "part_slug":"w12-leader-election-client-idempotency",
    "part_title":"Leader Election + Client Idempotency",
    "lesson_order":1,
    "visual_id":"custom-event-loop",
    "visual_title":"Custom: event loop \/ readiness-based I\/O",
    "visual_page_url":"",
    "visual_download_url":"",
    "visual_license":"You create this (recommended)",
    "alt_text":"Event loop: wait for readiness, handle events, repeat.",
    "note":"Custom (Mermaid\/Draw.io)"
  },
  {
    "lesson_id":"w12-leader-election-client-idempotency-d02-quest-vote-rules-2h",
    "lesson_title":"Quest: Vote Rules  2h",
    "part_slug":"w12-leader-election-client-idempotency",
    "part_title":"Leader Election + Client Idempotency",
    "lesson_order":2,
    "visual_id":"custom-event-loop",
    "visual_title":"Custom: event loop \/ readiness-based I\/O",
    "visual_page_url":"",
    "visual_download_url":"",
    "visual_license":"You create this (recommended)",
    "alt_text":"Event loop: wait for readiness, handle events, repeat.",
    "note":"Custom (Mermaid\/Draw.io)"
  },
  {
    "lesson_id":"w12-leader-election-client-idempotency-d03-quest-client-retry-idempotency-2h",
    "lesson_title":"Quest: Client Retry + Idempotency  2h",
    "part_slug":"w12-leader-election-client-idempotency",
    "part_title":"Leader Election + Client Idempotency",
    "lesson_order":3,
    "visual_id":"custom-event-loop",
    "visual_title":"Custom: event loop \/ readiness-based I\/O",
    "visual_page_url":"",
    "visual_download_url":"",
    "visual_license":"You create this (recommended)",
    "alt_text":"Event loop: wait for readiness, handle events, repeat.",
    "note":"Custom (Mermaid\/Draw.io)"
  },
  {
    "lesson_id":"w12-leader-election-client-idempotency-d04-quest-dedupe-store-rules-2h",
    "lesson_title":"Quest: Dedupe Store Rules  2h",
    "part_slug":"w12-leader-election-client-idempotency",
    "part_title":"Leader Election + Client Idempotency",
    "lesson_order":4,
    "visual_id":"custom-event-loop",
    "visual_title":"Custom: event loop \/ readiness-based I\/O",
    "visual_page_url":"",
    "visual_download_url":"",
    "visual_license":"You create this (recommended)",
    "alt_text":"Event loop: wait for readiness, handle events, repeat.",
    "note":"Custom (Mermaid\/Draw.io)"
  },
  {
    "lesson_id":"w12-leader-election-client-idempotency-d05-quest-stale-leader-fencing-2h",
    "lesson_title":"Quest: Stale-Leader Fencing  2h",
    "part_slug":"w12-leader-election-client-idempotency",
    "part_title":"Leader Election + Client Idempotency",
    "lesson_order":5,
    "visual_id":"custom-event-loop",
    "visual_title":"Custom: event loop \/ readiness-based I\/O",
    "visual_page_url":"",
    "visual_download_url":"",
    "visual_license":"You create this (recommended)",
    "alt_text":"Event loop: wait for readiness, handle events, repeat.",
    "note":"Custom (Mermaid\/Draw.io)"
  },
  {
    "lesson_id":"w13-content-addressed-storage-d01-cas-object-model",
    "lesson_title":"CAS Object Model",
    "part_slug":"w13-content-addressed-storage",
    "part_title":"Content-Addressed Storage",
    "lesson_order":1,
    "visual_id":"crypto-hash",
    "visual_title":"Cryptographic hash function",
    "visual_page_url":"https:\/\/commons.wikimedia.org\/wiki\/File:Cryptographic_Hash_Function.svg",
    "visual_download_url":"https:\/\/commons.wikimedia.org\/wiki\/Special:FilePath\/Cryptographic_Hash_Function.svg",
    "visual_license":"Public domain",
    "alt_text":"Hash function maps input message to fixed-length digest; small input change changes digest.",
    "note":"Wikimedia Commons"
  },
  {
    "lesson_id":"w13-content-addressed-storage-d02-cas-write-lifecycle",
    "lesson_title":"CAS Write Lifecycle",
    "part_slug":"w13-content-addressed-storage",
    "part_title":"Content-Addressed Storage",
    "lesson_order":2,
    "visual_id":"crypto-hash",
    "visual_title":"Cryptographic hash function",
    "visual_page_url":"https:\/\/commons.wikimedia.org\/wiki\/File:Cryptographic_Hash_Function.svg",
    "visual_download_url":"https:\/\/commons.wikimedia.org\/wiki\/Special:FilePath\/Cryptographic_Hash_Function.svg",
    "visual_license":"Public domain",
    "alt_text":"Hash function maps input message to fixed-length digest; small input change changes digest.",
    "note":"Wikimedia Commons"
  },
  {
    "lesson_id":"w13-content-addressed-storage-d03-chunk-manifest-spec",
    "lesson_title":"Chunk Manifest Spec",
    "part_slug":"w13-content-addressed-storage",
    "part_title":"Content-Addressed Storage",
    "lesson_order":3,
    "visual_id":"crypto-hash",
    "visual_title":"Cryptographic hash function",
    "visual_page_url":"https:\/\/commons.wikimedia.org\/wiki\/File:Cryptographic_Hash_Function.svg",
    "visual_download_url":"https:\/\/commons.wikimedia.org\/wiki\/Special:FilePath\/Cryptographic_Hash_Function.svg",
    "visual_license":"Public domain",
    "alt_text":"Hash function maps input message to fixed-length digest; small input change changes digest.",
    "note":"Wikimedia Commons"
  },
  {
    "lesson_id":"w13-content-addressed-storage-d04-cas-gc-policy",
    "lesson_title":"CAS GC Policy",
    "part_slug":"w13-content-addressed-storage",
    "part_title":"Content-Addressed Storage",
    "lesson_order":4,
    "visual_id":"crypto-hash",
    "visual_title":"Cryptographic hash function",
    "visual_page_url":"https:\/\/commons.wikimedia.org\/wiki\/File:Cryptographic_Hash_Function.svg",
    "visual_download_url":"https:\/\/commons.wikimedia.org\/wiki\/Special:FilePath\/Cryptographic_Hash_Function.svg",
    "visual_license":"Public domain",
    "alt_text":"Hash function maps input message to fixed-length digest; small input change changes digest.",
    "note":"Wikimedia Commons"
  },
  {
    "lesson_id":"w13-content-addressed-storage-d05-cas-audit-drill",
    "lesson_title":"CAS Audit Drill",
    "part_slug":"w13-content-addressed-storage",
    "part_title":"Content-Addressed Storage",
    "lesson_order":5,
    "visual_id":"crypto-hash",
    "visual_title":"Cryptographic hash function",
    "visual_page_url":"https:\/\/commons.wikimedia.org\/wiki\/File:Cryptographic_Hash_Function.svg",
    "visual_download_url":"https:\/\/commons.wikimedia.org\/wiki\/Special:FilePath\/Cryptographic_Hash_Function.svg",
    "visual_license":"Public domain",
    "alt_text":"Hash function maps input message to fixed-length digest; small input change changes digest.",
    "note":"Wikimedia Commons"
  },
  {
    "lesson_id":"w14-merkle-trees-inclusion-proofs-d01-merkle-construction-rules",
    "lesson_title":"Merkle Construction Rules",
    "part_slug":"w14-merkle-trees-inclusion-proofs",
    "part_title":"Merkle Trees & Inclusion Proofs",
    "lesson_order":1,
    "visual_id":"merkle-tree",
    "visual_title":"Merkle tree (ZFS example)",
    "visual_page_url":"https:\/\/commons.wikimedia.org\/wiki\/File:ZFS_Merkle_Tree_2.svg",
    "visual_download_url":"https:\/\/commons.wikimedia.org\/wiki\/Special:FilePath\/ZFS_Merkle_Tree_2.svg",
    "visual_license":"See file page (Wikimedia Commons)",
    "alt_text":"Merkle tree of blocks with hashes up to a root hash.",
    "note":"Wikimedia Commons"
  },
  {
    "lesson_id":"w14-merkle-trees-inclusion-proofs-d02-inclusion-proof-format",
    "lesson_title":"Inclusion Proof Format",
    "part_slug":"w14-merkle-trees-inclusion-proofs",
    "part_title":"Merkle Trees & Inclusion Proofs",
    "lesson_order":2,
    "visual_id":"merkle-tree",
    "visual_title":"Merkle tree (ZFS example)",
    "visual_page_url":"https:\/\/commons.wikimedia.org\/wiki\/File:ZFS_Merkle_Tree_2.svg",
    "visual_download_url":"https:\/\/commons.wikimedia.org\/wiki\/Special:FilePath\/ZFS_Merkle_Tree_2.svg",
    "visual_license":"See file page (Wikimedia Commons)",
    "alt_text":"Merkle tree of blocks with hashes up to a root hash.",
    "note":"Wikimedia Commons"
  },
  {
    "lesson_id":"w14-merkle-trees-inclusion-proofs-d03-proof-verifier-rules",
    "lesson_title":"Proof Verifier Rules",
    "part_slug":"w14-merkle-trees-inclusion-proofs",
    "part_title":"Merkle Trees & Inclusion Proofs",
    "lesson_order":3,
    "visual_id":"merkle-tree",
    "visual_title":"Merkle tree (ZFS example)",
    "visual_page_url":"https:\/\/commons.wikimedia.org\/wiki\/File:ZFS_Merkle_Tree_2.svg",
    "visual_download_url":"https:\/\/commons.wikimedia.org\/wiki\/Special:FilePath\/ZFS_Merkle_Tree_2.svg",
    "visual_license":"See file page (Wikimedia Commons)",
    "alt_text":"Merkle tree of blocks with hashes up to a root hash.",
    "note":"Wikimedia Commons"
  },
  {
    "lesson_id":"w14-merkle-trees-inclusion-proofs-d04-incremental-merkle-plan",
    "lesson_title":"Incremental Merkle Plan",
    "part_slug":"w14-merkle-trees-inclusion-proofs",
    "part_title":"Merkle Trees & Inclusion Proofs",
    "lesson_order":4,
    "visual_id":"merkle-tree",
    "visual_title":"Merkle tree (ZFS example)",
    "visual_page_url":"https:\/\/commons.wikimedia.org\/wiki\/File:ZFS_Merkle_Tree_2.svg",
    "visual_download_url":"https:\/\/commons.wikimedia.org\/wiki\/Special:FilePath\/ZFS_Merkle_Tree_2.svg",
    "visual_license":"See file page (Wikimedia Commons)",
    "alt_text":"Merkle tree of blocks with hashes up to a root hash.",
    "note":"Wikimedia Commons"
  },
  {
    "lesson_id":"w14-merkle-trees-inclusion-proofs-d05-adversarial-proof-tests",
    "lesson_title":"Adversarial Proof Tests",
    "part_slug":"w14-merkle-trees-inclusion-proofs",
    "part_title":"Merkle Trees & Inclusion Proofs",
    "lesson_order":5,
    "visual_id":"merkle-tree",
    "visual_title":"Merkle tree (ZFS example)",
    "visual_page_url":"https:\/\/commons.wikimedia.org\/wiki\/File:ZFS_Merkle_Tree_2.svg",
    "visual_download_url":"https:\/\/commons.wikimedia.org\/wiki\/Special:FilePath\/ZFS_Merkle_Tree_2.svg",
    "visual_license":"See file page (Wikimedia Commons)",
    "alt_text":"Merkle tree of blocks with hashes up to a root hash.",
    "note":"Wikimedia Commons"
  },
  {
    "lesson_id":"w15-transparency-log-d01-log-append-contract",
    "lesson_title":"Log Append Contract",
    "part_slug":"w15-transparency-log",
    "part_title":"Transparency Log",
    "lesson_order":1,
    "visual_id":"merkle-tree",
    "visual_title":"Merkle tree (ZFS example)",
    "visual_page_url":"https:\/\/commons.wikimedia.org\/wiki\/File:ZFS_Merkle_Tree_2.svg",
    "visual_download_url":"https:\/\/commons.wikimedia.org\/wiki\/Special:FilePath\/ZFS_Merkle_Tree_2.svg",
    "visual_license":"See file page (Wikimedia Commons)",
    "alt_text":"Merkle tree of blocks with hashes up to a root hash.",
    "note":"Wikimedia Commons"
  },
  {
    "lesson_id":"w15-transparency-log-d02-inclusion-api-bundle",
    "lesson_title":"Inclusion API Bundle",
    "part_slug":"w15-transparency-log",
    "part_title":"Transparency Log",
    "lesson_order":2,
    "visual_id":"merkle-tree",
    "visual_title":"Merkle tree (ZFS example)",
    "visual_page_url":"https:\/\/commons.wikimedia.org\/wiki\/File:ZFS_Merkle_Tree_2.svg",
    "visual_download_url":"https:\/\/commons.wikimedia.org\/wiki\/Special:FilePath\/ZFS_Merkle_Tree_2.svg",
    "visual_license":"See file page (Wikimedia Commons)",
    "alt_text":"Merkle tree of blocks with hashes up to a root hash.",
    "note":"Wikimedia Commons"
  },
  {
    "lesson_id":"w15-transparency-log-d03-consistency-proof-rules",
    "lesson_title":"Consistency Proof Rules",
    "part_slug":"w15-transparency-log",
    "part_title":"Transparency Log",
    "lesson_order":3,
    "visual_id":"merkle-tree",
    "visual_title":"Merkle tree (ZFS example)",
    "visual_page_url":"https:\/\/commons.wikimedia.org\/wiki\/File:ZFS_Merkle_Tree_2.svg",
    "visual_download_url":"https:\/\/commons.wikimedia.org\/wiki\/Special:FilePath\/ZFS_Merkle_Tree_2.svg",
    "visual_license":"See file page (Wikimedia Commons)",
    "alt_text":"Merkle tree of blocks with hashes up to a root hash.",
    "note":"Wikimedia Commons"
  },
  {
    "lesson_id":"w15-transparency-log-d04-checkpoint-signature-schema",
    "lesson_title":"Checkpoint Signature Schema",
    "part_slug":"w15-transparency-log",
    "part_title":"Transparency Log",
    "lesson_order":4,
    "visual_id":"merkle-tree",
    "visual_title":"Merkle tree (ZFS example)",
    "visual_page_url":"https:\/\/commons.wikimedia.org\/wiki\/File:ZFS_Merkle_Tree_2.svg",
    "visual_download_url":"https:\/\/commons.wikimedia.org\/wiki\/Special:FilePath\/ZFS_Merkle_Tree_2.svg",
    "visual_license":"See file page (Wikimedia Commons)",
    "alt_text":"Merkle tree of blocks with hashes up to a root hash.",
    "note":"Wikimedia Commons"
  },
  {
    "lesson_id":"w15-transparency-log-d05-verifier-workflow",
    "lesson_title":"Verifier Workflow",
    "part_slug":"w15-transparency-log",
    "part_title":"Transparency Log",
    "lesson_order":5,
    "visual_id":"merkle-tree",
    "visual_title":"Merkle tree (ZFS example)",
    "visual_page_url":"https:\/\/commons.wikimedia.org\/wiki\/File:ZFS_Merkle_Tree_2.svg",
    "visual_download_url":"https:\/\/commons.wikimedia.org\/wiki\/Special:FilePath\/ZFS_Merkle_Tree_2.svg",
    "visual_license":"See file page (Wikimedia Commons)",
    "alt_text":"Merkle tree of blocks with hashes up to a root hash.",
    "note":"Wikimedia Commons"
  },
  {
    "lesson_id":"w16-monitoring-anti-equivocation-d01-monitor-architecture",
    "lesson_title":"Monitor Architecture",
    "part_slug":"w16-monitoring-anti-equivocation",
    "part_title":"Monitoring & Anti-Equivocation",
    "lesson_order":1,
    "visual_id":"threat-model",
    "visual_title":"System threat model overview",
    "visual_page_url":"https:\/\/commons.wikimedia.org\/wiki\/File:System_threat_model.svg",
    "visual_download_url":"https:\/\/commons.wikimedia.org\/wiki\/Special:FilePath\/System_threat_model.svg",
    "visual_license":"See file page (Wikimedia Commons)",
    "alt_text":"Diagram connecting threats, vulnerabilities, exploits, controls, and assets.",
    "note":"Wikimedia Commons"
  },
  {
    "lesson_id":"w16-monitoring-anti-equivocation-d02-monitor-gossip-schema",
    "lesson_title":"Monitor Gossip Schema",
    "part_slug":"w16-monitoring-anti-equivocation",
    "part_title":"Monitoring & Anti-Equivocation",
    "lesson_order":2,
    "visual_id":"threat-model",
    "visual_title":"System threat model overview",
    "visual_page_url":"https:\/\/commons.wikimedia.org\/wiki\/File:System_threat_model.svg",
    "visual_download_url":"https:\/\/commons.wikimedia.org\/wiki\/Special:FilePath\/System_threat_model.svg",
    "visual_license":"See file page (Wikimedia Commons)",
    "alt_text":"Diagram connecting threats, vulnerabilities, exploits, controls, and assets.",
    "note":"Wikimedia Commons"
  },
  {
    "lesson_id":"w16-monitoring-anti-equivocation-d03-equivocation-detection",
    "lesson_title":"Equivocation Detection",
    "part_slug":"w16-monitoring-anti-equivocation",
    "part_title":"Monitoring & Anti-Equivocation",
    "lesson_order":3,
    "visual_id":"threat-model",
    "visual_title":"System threat model overview",
    "visual_page_url":"https:\/\/commons.wikimedia.org\/wiki\/File:System_threat_model.svg",
    "visual_download_url":"https:\/\/commons.wikimedia.org\/wiki\/Special:FilePath\/System_threat_model.svg",
    "visual_license":"See file page (Wikimedia Commons)",
    "alt_text":"Diagram connecting threats, vulnerabilities, exploits, controls, and assets.",
    "note":"Wikimedia Commons"
  },
  {
    "lesson_id":"w16-monitoring-anti-equivocation-d04-alert-policy",
    "lesson_title":"Alert Policy",
    "part_slug":"w16-monitoring-anti-equivocation",
    "part_title":"Monitoring & Anti-Equivocation",
    "lesson_order":4,
    "visual_id":"threat-model",
    "visual_title":"System threat model overview",
    "visual_page_url":"https:\/\/commons.wikimedia.org\/wiki\/File:System_threat_model.svg",
    "visual_download_url":"https:\/\/commons.wikimedia.org\/wiki\/Special:FilePath\/System_threat_model.svg",
    "visual_license":"See file page (Wikimedia Commons)",
    "alt_text":"Diagram connecting threats, vulnerabilities, exploits, controls, and assets.",
    "note":"Wikimedia Commons"
  },
  {
    "lesson_id":"w16-monitoring-anti-equivocation-d05-incident-runbook",
    "lesson_title":"Incident Runbook",
    "part_slug":"w16-monitoring-anti-equivocation",
    "part_title":"Monitoring & Anti-Equivocation",
    "lesson_order":5,
    "visual_id":"threat-model",
    "visual_title":"System threat model overview",
    "visual_page_url":"https:\/\/commons.wikimedia.org\/wiki\/File:System_threat_model.svg",
    "visual_download_url":"https:\/\/commons.wikimedia.org\/wiki\/Special:FilePath\/System_threat_model.svg",
    "visual_license":"See file page (Wikimedia Commons)",
    "alt_text":"Diagram connecting threats, vulnerabilities, exploits, controls, and assets.",
    "note":"Wikimedia Commons"
  },
  {
    "lesson_id":"w17-issue-signed-civic-documents-d01-document-schema",
    "lesson_title":"Document Schema",
    "part_slug":"w17-issue-signed-civic-documents",
    "part_title":"Issue Signed Civic Documents",
    "lesson_order":1,
    "visual_id":"digital-signature",
    "visual_title":"Digital signature: sign & verify",
    "visual_page_url":"https:\/\/commons.wikimedia.org\/wiki\/File:Digital_Signature_diagram.svg",
    "visual_download_url":"https:\/\/commons.wikimedia.org\/wiki\/Special:FilePath\/Digital_Signature_diagram.svg",
    "visual_license":"CC BY-SA 3.0 or GFDL (dual-licensed)",
    "alt_text":"Sender signs a hash with private key; verifier checks with public key.",
    "note":"Wikimedia Commons"
  },
  {
    "lesson_id":"w17-issue-signed-civic-documents-d02-issuer-key-policy",
    "lesson_title":"Issuer Key Policy",
    "part_slug":"w17-issue-signed-civic-documents",
    "part_title":"Issue Signed Civic Documents",
    "lesson_order":2,
    "visual_id":"digital-signature",
    "visual_title":"Digital signature: sign & verify",
    "visual_page_url":"https:\/\/commons.wikimedia.org\/wiki\/File:Digital_Signature_diagram.svg",
    "visual_download_url":"https:\/\/commons.wikimedia.org\/wiki\/Special:FilePath\/Digital_Signature_diagram.svg",
    "visual_license":"CC BY-SA 3.0 or GFDL (dual-licensed)",
    "alt_text":"Sender signs a hash with private key; verifier checks with public key.",
    "note":"Wikimedia Commons"
  },
  {
    "lesson_id":"w17-issue-signed-civic-documents-d03-issue-workflow",
    "lesson_title":"Issue Workflow",
    "part_slug":"w17-issue-signed-civic-documents",
    "part_title":"Issue Signed Civic Documents",
    "lesson_order":3,
    "visual_id":"digital-signature",
    "visual_title":"Digital signature: sign & verify",
    "visual_page_url":"https:\/\/commons.wikimedia.org\/wiki\/File:Digital_Signature_diagram.svg",
    "visual_download_url":"https:\/\/commons.wikimedia.org\/wiki\/Special:FilePath\/Digital_Signature_diagram.svg",
    "visual_license":"CC BY-SA 3.0 or GFDL (dual-licensed)",
    "alt_text":"Sender signs a hash with private key; verifier checks with public key.",
    "note":"Wikimedia Commons"
  },
  {
    "lesson_id":"w17-issue-signed-civic-documents-d04-verify-revocation-rules",
    "lesson_title":"Verify & Revocation Rules",
    "part_slug":"w17-issue-signed-civic-documents",
    "part_title":"Issue Signed Civic Documents",
    "lesson_order":4,
    "visual_id":"digital-signature",
    "visual_title":"Digital signature: sign & verify",
    "visual_page_url":"https:\/\/commons.wikimedia.org\/wiki\/File:Digital_Signature_diagram.svg",
    "visual_download_url":"https:\/\/commons.wikimedia.org\/wiki\/Special:FilePath\/Digital_Signature_diagram.svg",
    "visual_license":"CC BY-SA 3.0 or GFDL (dual-licensed)",
    "alt_text":"Sender signs a hash with private key; verifier checks with public key.",
    "note":"Wikimedia Commons"
  },
  {
    "lesson_id":"w17-issue-signed-civic-documents-d05-policy-gates",
    "lesson_title":"Policy Gates",
    "part_slug":"w17-issue-signed-civic-documents",
    "part_title":"Issue Signed Civic Documents",
    "lesson_order":5,
    "visual_id":"digital-signature",
    "visual_title":"Digital signature: sign & verify",
    "visual_page_url":"https:\/\/commons.wikimedia.org\/wiki\/File:Digital_Signature_diagram.svg",
    "visual_download_url":"https:\/\/commons.wikimedia.org\/wiki\/Special:FilePath\/Digital_Signature_diagram.svg",
    "visual_license":"CC BY-SA 3.0 or GFDL (dual-licensed)",
    "alt_text":"Sender signs a hash with private key; verifier checks with public key.",
    "note":"Wikimedia Commons"
  },
  {
    "lesson_id":"w18-transparency-log-anchoring-d01-anchoring-workflow",
    "lesson_title":"Anchoring Workflow",
    "part_slug":"w18-transparency-log-anchoring",
    "part_title":"Transparency Log Anchoring",
    "lesson_order":1,
    "visual_id":"merkle-tree",
    "visual_title":"Merkle tree (ZFS example)",
    "visual_page_url":"https:\/\/commons.wikimedia.org\/wiki\/File:ZFS_Merkle_Tree_2.svg",
    "visual_download_url":"https:\/\/commons.wikimedia.org\/wiki\/Special:FilePath\/ZFS_Merkle_Tree_2.svg",
    "visual_license":"See file page (Wikimedia Commons)",
    "alt_text":"Merkle tree of blocks with hashes up to a root hash.",
    "note":"Wikimedia Commons"
  },
  {
    "lesson_id":"w18-transparency-log-anchoring-d02-receipt-bundle-schema",
    "lesson_title":"Receipt Bundle Schema",
    "part_slug":"w18-transparency-log-anchoring",
    "part_title":"Transparency Log Anchoring",
    "lesson_order":2,
    "visual_id":"merkle-tree",
    "visual_title":"Merkle tree (ZFS example)",
    "visual_page_url":"https:\/\/commons.wikimedia.org\/wiki\/File:ZFS_Merkle_Tree_2.svg",
    "visual_download_url":"https:\/\/commons.wikimedia.org\/wiki\/Special:FilePath\/ZFS_Merkle_Tree_2.svg",
    "visual_license":"See file page (Wikimedia Commons)",
    "alt_text":"Merkle tree of blocks with hashes up to a root hash.",
    "note":"Wikimedia Commons"
  },
  {
    "lesson_id":"w18-transparency-log-anchoring-d03-anchor-verifier-sequence",
    "lesson_title":"Anchor Verifier Sequence",
    "part_slug":"w18-transparency-log-anchoring",
    "part_title":"Transparency Log Anchoring",
    "lesson_order":3,
    "visual_id":"merkle-tree",
    "visual_title":"Merkle tree (ZFS example)",
    "visual_page_url":"https:\/\/commons.wikimedia.org\/wiki\/File:ZFS_Merkle_Tree_2.svg",
    "visual_download_url":"https:\/\/commons.wikimedia.org\/wiki\/Special:FilePath\/ZFS_Merkle_Tree_2.svg",
    "visual_license":"See file page (Wikimedia Commons)",
    "alt_text":"Merkle tree of blocks with hashes up to a root hash.",
    "note":"Wikimedia Commons"
  },
  {
    "lesson_id":"w18-transparency-log-anchoring-d04-receipt-freshness-policy",
    "lesson_title":"Receipt Freshness Policy",
    "part_slug":"w18-transparency-log-anchoring",
    "part_title":"Transparency Log Anchoring",
    "lesson_order":4,
    "visual_id":"merkle-tree",
    "visual_title":"Merkle tree (ZFS example)",
    "visual_page_url":"https:\/\/commons.wikimedia.org\/wiki\/File:ZFS_Merkle_Tree_2.svg",
    "visual_download_url":"https:\/\/commons.wikimedia.org\/wiki\/Special:FilePath\/ZFS_Merkle_Tree_2.svg",
    "visual_license":"See file page (Wikimedia Commons)",
    "alt_text":"Merkle tree of blocks with hashes up to a root hash.",
    "note":"Wikimedia Commons"
  },
  {
    "lesson_id":"w18-transparency-log-anchoring-d05-anchoring-attack-matrix",
    "lesson_title":"Anchoring Attack Matrix",
    "part_slug":"w18-transparency-log-anchoring",
    "part_title":"Transparency Log Anchoring",
    "lesson_order":5,
    "visual_id":"merkle-tree",
    "visual_title":"Merkle tree (ZFS example)",
    "visual_page_url":"https:\/\/commons.wikimedia.org\/wiki\/File:ZFS_Merkle_Tree_2.svg",
    "visual_download_url":"https:\/\/commons.wikimedia.org\/wiki\/Special:FilePath\/ZFS_Merkle_Tree_2.svg",
    "visual_license":"See file page (Wikimedia Commons)",
    "alt_text":"Merkle tree of blocks with hashes up to a root hash.",
    "note":"Wikimedia Commons"
  },
  {
    "lesson_id":"w19-offline-verification-package-d01-verifier-ux-contract",
    "lesson_title":"Verifier UX Contract",
    "part_slug":"w19-offline-verification-package",
    "part_title":"Offline Verification Package",
    "lesson_order":1,
    "visual_id":"custom-offline-bundle",
    "visual_title":"Custom: offline verification bundle",
    "visual_page_url":"",
    "visual_download_url":"",
    "visual_license":"You create this (recommended)",
    "alt_text":"Package contains document, signature, proofs, and log checkpoint for offline verify.",
    "note":"Custom (Mermaid\/Draw.io)"
  },
  {
    "lesson_id":"w19-offline-verification-package-d02-offline-bundle-format",
    "lesson_title":"Offline Bundle Format",
    "part_slug":"w19-offline-verification-package",
    "part_title":"Offline Verification Package",
    "lesson_order":2,
    "visual_id":"custom-offline-bundle",
    "visual_title":"Custom: offline verification bundle",
    "visual_page_url":"",
    "visual_download_url":"",
    "visual_license":"You create this (recommended)",
    "alt_text":"Package contains document, signature, proofs, and log checkpoint for offline verify.",
    "note":"Custom (Mermaid\/Draw.io)"
  },
  {
    "lesson_id":"w19-offline-verification-package-d03-air-gap-verification-flow",
    "lesson_title":"Air-Gap Verification Flow",
    "part_slug":"w19-offline-verification-package",
    "part_title":"Offline Verification Package",
    "lesson_order":3,
    "visual_id":"custom-offline-bundle",
    "visual_title":"Custom: offline verification bundle",
    "visual_page_url":"",
    "visual_download_url":"",
    "visual_license":"You create this (recommended)",
    "alt_text":"Package contains document, signature, proofs, and log checkpoint for offline verify.",
    "note":"Custom (Mermaid\/Draw.io)"
  },
  {
    "lesson_id":"w19-offline-verification-package-d04-time-policy-modes",
    "lesson_title":"Time Policy Modes",
    "part_slug":"w19-offline-verification-package",
    "part_title":"Offline Verification Package",
    "lesson_order":4,
    "visual_id":"custom-offline-bundle",
    "visual_title":"Custom: offline verification bundle",
    "visual_page_url":"",
    "visual_download_url":"",
    "visual_license":"You create this (recommended)",
    "alt_text":"Package contains document, signature, proofs, and log checkpoint for offline verify.",
    "note":"Custom (Mermaid\/Draw.io)"
  },
  {
    "lesson_id":"w19-offline-verification-package-d05-batch-verifier-rules",
    "lesson_title":"Batch Verifier Rules",
    "part_slug":"w19-offline-verification-package",
    "part_title":"Offline Verification Package",
    "lesson_order":5,
    "visual_id":"custom-offline-bundle",
    "visual_title":"Custom: offline verification bundle",
    "visual_page_url":"",
    "visual_download_url":"",
    "visual_license":"You create this (recommended)",
    "alt_text":"Package contains document, signature, proofs, and log checkpoint for offline verify.",
    "note":"Custom (Mermaid\/Draw.io)"
  },
  {
    "lesson_id":"w20-failure-survival-hardening-d01-chaos-matrix",
    "lesson_title":"Chaos Matrix",
    "part_slug":"w20-failure-survival-hardening",
    "part_title":"Failure Survival Hardening",
    "lesson_order":1,
    "visual_id":"custom-hardening",
    "visual_title":"Custom: failure-mode matrix \/ blast radius",
    "visual_page_url":"",
    "visual_download_url":"",
    "visual_license":"You create this (recommended)",
    "alt_text":"Grid of failure types vs mitigations; shows blast radius and recovery steps.",
    "note":"Custom (Mermaid\/Draw.io)"
  },
  {
    "lesson_id":"w20-failure-survival-hardening-d02-node-crash-drill",
    "lesson_title":"Node Crash Drill",
    "part_slug":"w20-failure-survival-hardening",
    "part_title":"Failure Survival Hardening",
    "lesson_order":2,
    "visual_id":"custom-hardening",
    "visual_title":"Custom: failure-mode matrix \/ blast radius",
    "visual_page_url":"",
    "visual_download_url":"",
    "visual_license":"You create this (recommended)",
    "alt_text":"Grid of failure types vs mitigations; shows blast radius and recovery steps.",
    "note":"Custom (Mermaid\/Draw.io)"
  },
  {
    "lesson_id":"w20-failure-survival-hardening-d03-partition-drill",
    "lesson_title":"Partition Drill",
    "part_slug":"w20-failure-survival-hardening",
    "part_title":"Failure Survival Hardening",
    "lesson_order":3,
    "visual_id":"custom-hardening",
    "visual_title":"Custom: failure-mode matrix \/ blast radius",
    "visual_page_url":"",
    "visual_download_url":"",
    "visual_license":"You create this (recommended)",
    "alt_text":"Grid of failure types vs mitigations; shows blast radius and recovery steps.",
    "note":"Custom (Mermaid\/Draw.io)"
  },
  {
    "lesson_id":"w20-failure-survival-hardening-d04-key-compromise-runbook",
    "lesson_title":"Key Compromise Runbook",
    "part_slug":"w20-failure-survival-hardening",
    "part_title":"Failure Survival Hardening",
    "lesson_order":4,
    "visual_id":"custom-hardening",
    "visual_title":"Custom: failure-mode matrix \/ blast radius",
    "visual_page_url":"",
    "visual_download_url":"",
    "visual_license":"You create this (recommended)",
    "alt_text":"Grid of failure types vs mitigations; shows blast radius and recovery steps.",
    "note":"Custom (Mermaid\/Draw.io)"
  },
  {
    "lesson_id":"w20-failure-survival-hardening-d05-restore-validation",
    "lesson_title":"Restore Validation",
    "part_slug":"w20-failure-survival-hardening",
    "part_title":"Failure Survival Hardening",
    "lesson_order":5,
    "visual_id":"custom-hardening",
    "visual_title":"Custom: failure-mode matrix \/ blast radius",
    "visual_page_url":"",
    "visual_download_url":"",
    "visual_license":"You create this (recommended)",
    "alt_text":"Grid of failure types vs mitigations; shows blast radius and recovery steps.",
    "note":"Custom (Mermaid\/Draw.io)"
  },
  {
    "lesson_id":"w21-reliability-slo-story-d01-slislo-table",
    "lesson_title":"SLI\/SLO Table",
    "part_slug":"w21-reliability-slo-story",
    "part_title":"Reliability \/ SLO Story",
    "lesson_order":1,
    "visual_id":"custom-slo",
    "visual_title":"Custom: SLO \/ error budget burn-down",
    "visual_page_url":"",
    "visual_download_url":"",
    "visual_license":"You create this (recommended)",
    "alt_text":"Error budget decreases with bad events; burn rate indicates urgency.",
    "note":"Custom (Mermaid\/Draw.io)"
  },
  {
    "lesson_id":"w21-reliability-slo-story-d02-metrics-design",
    "lesson_title":"Metrics Design",
    "part_slug":"w21-reliability-slo-story",
    "part_title":"Reliability \/ SLO Story",
    "lesson_order":2,
    "visual_id":"custom-slo",
    "visual_title":"Custom: SLO \/ error budget burn-down",
    "visual_page_url":"",
    "visual_download_url":"",
    "visual_license":"You create this (recommended)",
    "alt_text":"Error budget decreases with bad events; burn rate indicates urgency.",
    "note":"Custom (Mermaid\/Draw.io)"
  },
  {
    "lesson_id":"w21-reliability-slo-story-d03-dashboard-spec",
    "lesson_title":"Dashboard Spec",
    "part_slug":"w21-reliability-slo-story",
    "part_title":"Reliability \/ SLO Story",
    "lesson_order":3,
    "visual_id":"custom-slo",
    "visual_title":"Custom: SLO \/ error budget burn-down",
    "visual_page_url":"",
    "visual_download_url":"",
    "visual_license":"You create this (recommended)",
    "alt_text":"Error budget decreases with bad events; burn rate indicates urgency.",
    "note":"Custom (Mermaid\/Draw.io)"
  },
  {
    "lesson_id":"w21-reliability-slo-story-d04-alert-rules",
    "lesson_title":"Alert Rules",
    "part_slug":"w21-reliability-slo-story",
    "part_title":"Reliability \/ SLO Story",
    "lesson_order":4,
    "visual_id":"custom-slo",
    "visual_title":"Custom: SLO \/ error budget burn-down",
    "visual_page_url":"",
    "visual_download_url":"",
    "visual_license":"You create this (recommended)",
    "alt_text":"Error budget decreases with bad events; burn rate indicates urgency.",
    "note":"Custom (Mermaid\/Draw.io)"
  },
  {
    "lesson_id":"w21-reliability-slo-story-d05-capacity-plan",
    "lesson_title":"Capacity Plan",
    "part_slug":"w21-reliability-slo-story",
    "part_title":"Reliability \/ SLO Story",
    "lesson_order":5,
    "visual_id":"custom-slo",
    "visual_title":"Custom: SLO \/ error budget burn-down",
    "visual_page_url":"",
    "visual_download_url":"",
    "visual_license":"You create this (recommended)",
    "alt_text":"Error budget decreases with bad events; burn rate indicates urgency.",
    "note":"Custom (Mermaid\/Draw.io)"
  },
  {
    "lesson_id":"w22-security-threat-model-story-d01-threat-model-map-stride",
    "lesson_title":"Threat Model Map (STRIDE)",
    "part_slug":"w22-security-threat-model-story",
    "part_title":"Security \/ Threat Model Story",
    "lesson_order":1,
    "visual_id":"threat-model",
    "visual_title":"System threat model overview",
    "visual_page_url":"https:\/\/commons.wikimedia.org\/wiki\/File:System_threat_model.svg",
    "visual_download_url":"https:\/\/commons.wikimedia.org\/wiki\/Special:FilePath\/System_threat_model.svg",
    "visual_license":"See file page (Wikimedia Commons)",
    "alt_text":"Diagram connecting threats, vulnerabilities, exploits, controls, and assets.",
    "note":"Wikimedia Commons"
  },
  {
    "lesson_id":"w22-security-threat-model-story-d02-abuse-cases-top-10",
    "lesson_title":"Abuse Cases (Top 10)",
    "part_slug":"w22-security-threat-model-story",
    "part_title":"Security \/ Threat Model Story",
    "lesson_order":2,
    "visual_id":"threat-model",
    "visual_title":"System threat model overview",
    "visual_page_url":"https:\/\/commons.wikimedia.org\/wiki\/File:System_threat_model.svg",
    "visual_download_url":"https:\/\/commons.wikimedia.org\/wiki\/Special:FilePath\/System_threat_model.svg",
    "visual_license":"See file page (Wikimedia Commons)",
    "alt_text":"Diagram connecting threats, vulnerabilities, exploits, controls, and assets.",
    "note":"Wikimedia Commons"
  },
  {
    "lesson_id":"w22-security-threat-model-story-d03-threat-control-matrix",
    "lesson_title":"Threat-Control Matrix",
    "part_slug":"w22-security-threat-model-story",
    "part_title":"Security \/ Threat Model Story",
    "lesson_order":3,
    "visual_id":"threat-model",
    "visual_title":"System threat model overview",
    "visual_page_url":"https:\/\/commons.wikimedia.org\/wiki\/File:System_threat_model.svg",
    "visual_download_url":"https:\/\/commons.wikimedia.org\/wiki\/Special:FilePath\/System_threat_model.svg",
    "visual_license":"See file page (Wikimedia Commons)",
    "alt_text":"Diagram connecting threats, vulnerabilities, exploits, controls, and assets.",
    "note":"Wikimedia Commons"
  },
  {
    "lesson_id":"w22-security-threat-model-story-d04-supply-chain-secrets",
    "lesson_title":"Supply Chain & Secrets",
    "part_slug":"w22-security-threat-model-story",
    "part_title":"Security \/ Threat Model Story",
    "lesson_order":4,
    "visual_id":"threat-model",
    "visual_title":"System threat model overview",
    "visual_page_url":"https:\/\/commons.wikimedia.org\/wiki\/File:System_threat_model.svg",
    "visual_download_url":"https:\/\/commons.wikimedia.org\/wiki\/Special:FilePath\/System_threat_model.svg",
    "visual_license":"See file page (Wikimedia Commons)",
    "alt_text":"Diagram connecting threats, vulnerabilities, exploits, controls, and assets.",
    "note":"Wikimedia Commons"
  },
  {
    "lesson_id":"w22-security-threat-model-story-d05-security-test-plan",
    "lesson_title":"Security Test Plan",
    "part_slug":"w22-security-threat-model-story",
    "part_title":"Security \/ Threat Model Story",
    "lesson_order":5,
    "visual_id":"threat-model",
    "visual_title":"System threat model overview",
    "visual_page_url":"https:\/\/commons.wikimedia.org\/wiki\/File:System_threat_model.svg",
    "visual_download_url":"https:\/\/commons.wikimedia.org\/wiki\/Special:FilePath\/System_threat_model.svg",
    "visual_license":"See file page (Wikimedia Commons)",
    "alt_text":"Diagram connecting threats, vulnerabilities, exploits, controls, and assets.",
    "note":"Wikimedia Commons"
  },
  {
    "lesson_id":"w23-docs-demos-interview-narratives-d01-architecture-diagram-plan",
    "lesson_title":"Architecture Diagram Plan",
    "part_slug":"w23-docs-demos-interview-narratives",
    "part_title":"Docs, Demos & Interview Narratives",
    "lesson_order":1,
    "visual_id":"flow-while-loop",
    "visual_title":"While loop flowchart",
    "visual_page_url":"https:\/\/commons.wikimedia.org\/wiki\/File:While-loop-diagram.svg",
    "visual_download_url":"https:\/\/commons.wikimedia.org\/wiki\/Special:FilePath\/While-loop-diagram.svg",
    "visual_license":"CC0 1.0 (public domain dedication)",
    "alt_text":"Flowchart of a while loop: check condition, execute body, repeat.",
    "note":"Wikimedia Commons"
  },
  {
    "lesson_id":"w23-docs-demos-interview-narratives-d02-readme-outline",
    "lesson_title":"README Outline",
    "part_slug":"w23-docs-demos-interview-narratives",
    "part_title":"Docs, Demos & Interview Narratives",
    "lesson_order":2,
    "visual_id":"flow-while-loop",
    "visual_title":"While loop flowchart",
    "visual_page_url":"https:\/\/commons.wikimedia.org\/wiki\/File:While-loop-diagram.svg",
    "visual_download_url":"https:\/\/commons.wikimedia.org\/wiki\/Special:FilePath\/While-loop-diagram.svg",
    "visual_license":"CC0 1.0 (public domain dedication)",
    "alt_text":"Flowchart of a while loop: check condition, execute body, repeat.",
    "note":"Wikimedia Commons"
  },
  {
    "lesson_id":"w23-docs-demos-interview-narratives-d03-demo-script",
    "lesson_title":"Demo Script",
    "part_slug":"w23-docs-demos-interview-narratives",
    "part_title":"Docs, Demos & Interview Narratives",
    "lesson_order":3,
    "visual_id":"flow-while-loop",
    "visual_title":"While loop flowchart",
    "visual_page_url":"https:\/\/commons.wikimedia.org\/wiki\/File:While-loop-diagram.svg",
    "visual_download_url":"https:\/\/commons.wikimedia.org\/wiki\/Special:FilePath\/While-loop-diagram.svg",
    "visual_license":"CC0 1.0 (public domain dedication)",
    "alt_text":"Flowchart of a while loop: check condition, execute body, repeat.",
    "note":"Wikimedia Commons"
  },
  {
    "lesson_id":"w23-docs-demos-interview-narratives-d04-video-storyboard",
    "lesson_title":"Video Storyboard",
    "part_slug":"w23-docs-demos-interview-narratives",
    "part_title":"Docs, Demos & Interview Narratives",
    "lesson_order":4,
    "visual_id":"flow-while-loop",
    "visual_title":"While loop flowchart",
    "visual_page_url":"https:\/\/commons.wikimedia.org\/wiki\/File:While-loop-diagram.svg",
    "visual_download_url":"https:\/\/commons.wikimedia.org\/wiki\/Special:FilePath\/While-loop-diagram.svg",
    "visual_license":"CC0 1.0 (public domain dedication)",
    "alt_text":"Flowchart of a while loop: check condition, execute body, repeat.",
    "note":"Wikimedia Commons"
  },
  {
    "lesson_id":"w23-docs-demos-interview-narratives-d05-interview-story-bank-star",
    "lesson_title":"Interview Story Bank (STAR)",
    "part_slug":"w23-docs-demos-interview-narratives",
    "part_title":"Docs, Demos & Interview Narratives",
    "lesson_order":5,
    "visual_id":"flow-while-loop",
    "visual_title":"While loop flowchart",
    "visual_page_url":"https:\/\/commons.wikimedia.org\/wiki\/File:While-loop-diagram.svg",
    "visual_download_url":"https:\/\/commons.wikimedia.org\/wiki\/Special:FilePath\/While-loop-diagram.svg",
    "visual_license":"CC0 1.0 (public domain dedication)",
    "alt_text":"Flowchart of a while loop: check condition, execute body, repeat.",
    "note":"Wikimedia Commons"
  },
  {
    "lesson_id":"w24-final-interview-prep-publication-d01-distributed-systems-qa",
    "lesson_title":"Distributed Systems Q&A",
    "part_slug":"w24-final-interview-prep-publication",
    "part_title":"Final Interview Prep & Publication",
    "lesson_order":1,
    "visual_id":"flow-while-loop",
    "visual_title":"While loop flowchart",
    "visual_page_url":"https:\/\/commons.wikimedia.org\/wiki\/File:While-loop-diagram.svg",
    "visual_download_url":"https:\/\/commons.wikimedia.org\/wiki\/Special:FilePath\/While-loop-diagram.svg",
    "visual_license":"CC0 1.0 (public domain dedication)",
    "alt_text":"Flowchart of a while loop: check condition, execute body, repeat.",
    "note":"Wikimedia Commons"
  },
  {
    "lesson_id":"w24-final-interview-prep-publication-d02-trust-architecture-qa",
    "lesson_title":"Trust Architecture Q&A",
    "part_slug":"w24-final-interview-prep-publication",
    "part_title":"Final Interview Prep & Publication",
    "lesson_order":2,
    "visual_id":"flow-while-loop",
    "visual_title":"While loop flowchart",
    "visual_page_url":"https:\/\/commons.wikimedia.org\/wiki\/File:While-loop-diagram.svg",
    "visual_download_url":"https:\/\/commons.wikimedia.org\/wiki\/Special:FilePath\/While-loop-diagram.svg",
    "visual_license":"CC0 1.0 (public domain dedication)",
    "alt_text":"Flowchart of a while loop: check condition, execute body, repeat.",
    "note":"Wikimedia Commons"
  },
  {
    "lesson_id":"w24-final-interview-prep-publication-d03-debug-drills",
    "lesson_title":"Debug Drills",
    "part_slug":"w24-final-interview-prep-publication",
    "part_title":"Final Interview Prep & Publication",
    "lesson_order":3,
    "visual_id":"flow-while-loop",
    "visual_title":"While loop flowchart",
    "visual_page_url":"https:\/\/commons.wikimedia.org\/wiki\/File:While-loop-diagram.svg",
    "visual_download_url":"https:\/\/commons.wikimedia.org\/wiki\/Special:FilePath\/While-loop-diagram.svg",
    "visual_license":"CC0 1.0 (public domain dedication)",
    "alt_text":"Flowchart of a while loop: check condition, execute body, repeat.",
    "note":"Wikimedia Commons"
  },
  {
    "lesson_id":"w24-final-interview-prep-publication-d04-system-design-walkthrough",
    "lesson_title":"System Design Walkthrough",
    "part_slug":"w24-final-interview-prep-publication",
    "part_title":"Final Interview Prep & Publication",
    "lesson_order":4,
    "visual_id":"flow-while-loop",
    "visual_title":"While loop flowchart",
    "visual_page_url":"https:\/\/commons.wikimedia.org\/wiki\/File:While-loop-diagram.svg",
    "visual_download_url":"https:\/\/commons.wikimedia.org\/wiki\/Special:FilePath\/While-loop-diagram.svg",
    "visual_license":"CC0 1.0 (public domain dedication)",
    "alt_text":"Flowchart of a while loop: check condition, execute body, repeat.",
    "note":"Wikimedia Commons"
  },
  {
    "lesson_id":"w24-final-interview-prep-publication-d05-final-demo-rehearsal",
    "lesson_title":"Final Demo Rehearsal",
    "part_slug":"w24-final-interview-prep-publication",
    "part_title":"Final Interview Prep & Publication",
    "lesson_order":5,
    "visual_id":"flow-while-loop",
    "visual_title":"While loop flowchart",
    "visual_page_url":"https:\/\/commons.wikimedia.org\/wiki\/File:While-loop-diagram.svg",
    "visual_download_url":"https:\/\/commons.wikimedia.org\/wiki\/Special:FilePath\/While-loop-diagram.svg",
    "visual_license":"CC0 1.0 (public domain dedication)",
    "alt_text":"Flowchart of a while loop: check condition, execute body, repeat.",
    "note":"Wikimedia Commons"
  }
]