[
  {
    "part_order":1,
    "part_slug":"w01-cli-logger-discipline",
    "part_title":"CLI & Logger Discipline",
    "visual_id":"flow-while-loop",
    "visual_title":"While loop flowchart",
    "visual_page_url":"https:\/\/commons.wikimedia.org\/wiki\/File:While-loop-diagram.svg",
    "visual_download_url":"https:\/\/commons.wikimedia.org\/wiki\/Special:FilePath\/While-loop-diagram.svg",
    "visual_license":"CC0 1.0 (public domain dedication)",
    "alt_text":"Flowchart of a while loop: check condition, execute body, repeat."
  },
  {
    "part_order":2,
    "part_slug":"w02-tcp-echo-server-with-stream-safe-framing",
    "part_title":"TCP Echo Server with Stream-Safe Framing",
    "visual_id":"tcp-transfer",
    "visual_title":"TCP transfer \/ segmentation & reassembly",
    "visual_page_url":"https:\/\/commons.wikimedia.org\/wiki\/File:Tcp_transfer.png",
    "visual_download_url":"https:\/\/commons.wikimedia.org\/wiki\/Special:FilePath\/Tcp_transfer.png",
    "visual_license":"CC BY-SA 3.0 or GFDL (dual-licensed)",
    "alt_text":"Diagram showing TCP data split into segments and reassembled at receiver."
  },
  {
    "part_order":3,
    "part_slug":"w03-multi-client-event-loop",
    "part_title":"Multi-Client Event Loop",
    "visual_id":"fd-file-inode-table",
    "visual_title":"File descriptors → file table → inode table",
    "visual_page_url":"https:\/\/commons.wikimedia.org\/wiki\/File:File_table_and_inode_table.svg",
    "visual_download_url":"https:\/\/commons.wikimedia.org\/wiki\/Special:FilePath\/File_table_and_inode_table.svg",
    "visual_license":"See file page (Wikimedia Commons)",
    "alt_text":"Unix diagram mapping file descriptors to file table entries and inodes."
  },
  {
    "part_order":4,
    "part_slug":"w04-epoll-http-client",
    "part_title":"Epoll & HTTP Client",
    "visual_id":"http-transaction",
    "visual_title":"Simplified HTTP transaction",
    "visual_page_url":"https:\/\/commons.wikimedia.org\/wiki\/File:Simplified_diagram_of_an_HTTP_transaction.png",
    "visual_download_url":"https:\/\/commons.wikimedia.org\/wiki\/Special:FilePath\/Simplified_diagram_of_an_HTTP_transaction.png",
    "visual_license":"CC BY-SA 4.0",
    "alt_text":"Client sends HTTP request to server and receives response."
  },
  {
    "part_order":5,
    "part_slug":"w05-thread-pool-safe-task-execution",
    "part_title":"Thread Pool & Safe Task Execution",
    "visual_id":"thread-pool",
    "visual_title":"Thread pool with task queue",
    "visual_page_url":"https:\/\/commons.wikimedia.org\/wiki\/File:Thread_pool.svg",
    "visual_download_url":"https:\/\/commons.wikimedia.org\/wiki\/Special:FilePath\/Thread_pool.svg",
    "visual_license":"CC BY-SA 3.0 or GFDL (dual-licensed)",
    "alt_text":"A thread pool where tasks queue up and threads execute tasks."
  },
  {
    "part_order":6,
    "part_slug":"w06-backpressure-overload-handling",
    "part_title":"Backpressure & Overload Handling",
    "visual_id":"token-bucket",
    "visual_title":"Token bucket (QoS policing)",
    "visual_page_url":"https:\/\/commons.wikimedia.org\/wiki\/File:QoS_tocken_bucket.svg",
    "visual_download_url":"https:\/\/commons.wikimedia.org\/wiki\/Special:FilePath\/QoS_tocken_bucket.svg",
    "visual_license":"See file page (Wikimedia Commons)",
    "alt_text":"Token bucket with tokens arriving and packets passing when enough tokens exist."
  },
  {
    "part_order":7,
    "part_slug":"w07-hashing-integrity-proofs",
    "part_title":"Hashing & Integrity Proofs",
    "visual_id":"crypto-hash",
    "visual_title":"Cryptographic hash function",
    "visual_page_url":"https:\/\/commons.wikimedia.org\/wiki\/File:Cryptographic_Hash_Function.svg",
    "visual_download_url":"https:\/\/commons.wikimedia.org\/wiki\/Special:FilePath\/Cryptographic_Hash_Function.svg",
    "visual_license":"Public domain",
    "alt_text":"Hash function maps input message to fixed-length digest; small input change changes digest."
  },
  {
    "part_order":8,
    "part_slug":"w08-signatures-replay-protection",
    "part_title":"Signatures & Replay Protection",
    "visual_id":"digital-signature",
    "visual_title":"Digital signature: sign & verify",
    "visual_page_url":"https:\/\/commons.wikimedia.org\/wiki\/File:Digital_Signature_diagram.svg",
    "visual_download_url":"https:\/\/commons.wikimedia.org\/wiki\/Special:FilePath\/Digital_Signature_diagram.svg",
    "visual_license":"CC BY-SA 3.0 or GFDL (dual-licensed)",
    "alt_text":"Sender signs a hash with private key; verifier checks with public key."
  },
  {
    "part_order":9,
    "part_slug":"w09-kv-store-core-state-model",
    "part_title":"KV Store Core & State Model",
    "visual_id":"custom-event-loop",
    "visual_title":"Custom: event loop \/ readiness-based I\/O",
    "visual_page_url":"",
    "visual_download_url":"",
    "visual_license":"You create this (recommended)",
    "alt_text":"Event loop: wait for readiness, handle events, repeat."
  },
  {
    "part_order":10,
    "part_slug":"w10-wal-durability-crash-recovery",
    "part_title":"WAL Durability & Crash Recovery",
    "visual_id":"custom-wal",
    "visual_title":"Custom: write-ahead log + checkpoint",
    "visual_page_url":"",
    "visual_download_url":"",
    "visual_license":"You create this (recommended)",
    "alt_text":"Append log before applying state; checkpoint to compact; recover by replay."
  },
  {
    "part_order":11,
    "part_slug":"w11-replicated-kv-23-nodes",
    "part_title":"Replicated KV (2–3 Nodes)",
    "visual_id":"primary-backup",
    "visual_title":"Primary-backup replication protocol",
    "visual_page_url":"https:\/\/commons.wikimedia.org\/wiki\/File:Primary-backup-protocol.gif",
    "visual_download_url":"https:\/\/commons.wikimedia.org\/wiki\/Special:FilePath\/Primary-backup-protocol.gif",
    "visual_license":"See file page (Wikimedia Commons)",
    "alt_text":"Primary sends updates to backup and acknowledges to client."
  },
  {
    "part_order":12,
    "part_slug":"w12-leader-election-client-idempotency",
    "part_title":"Leader Election + Client Idempotency",
    "visual_id":"custom-event-loop",
    "visual_title":"Custom: event loop \/ readiness-based I\/O",
    "visual_page_url":"",
    "visual_download_url":"",
    "visual_license":"You create this (recommended)",
    "alt_text":"Event loop: wait for readiness, handle events, repeat."
  },
  {
    "part_order":13,
    "part_slug":"w13-content-addressed-storage",
    "part_title":"Content-Addressed Storage",
    "visual_id":"crypto-hash",
    "visual_title":"Cryptographic hash function",
    "visual_page_url":"https:\/\/commons.wikimedia.org\/wiki\/File:Cryptographic_Hash_Function.svg",
    "visual_download_url":"https:\/\/commons.wikimedia.org\/wiki\/Special:FilePath\/Cryptographic_Hash_Function.svg",
    "visual_license":"Public domain",
    "alt_text":"Hash function maps input message to fixed-length digest; small input change changes digest."
  },
  {
    "part_order":14,
    "part_slug":"w14-merkle-trees-inclusion-proofs",
    "part_title":"Merkle Trees & Inclusion Proofs",
    "visual_id":"merkle-tree",
    "visual_title":"Merkle tree (ZFS example)",
    "visual_page_url":"https:\/\/commons.wikimedia.org\/wiki\/File:ZFS_Merkle_Tree_2.svg",
    "visual_download_url":"https:\/\/commons.wikimedia.org\/wiki\/Special:FilePath\/ZFS_Merkle_Tree_2.svg",
    "visual_license":"See file page (Wikimedia Commons)",
    "alt_text":"Merkle tree of blocks with hashes up to a root hash."
  },
  {
    "part_order":15,
    "part_slug":"w15-transparency-log",
    "part_title":"Transparency Log",
    "visual_id":"merkle-tree",
    "visual_title":"Merkle tree (ZFS example)",
    "visual_page_url":"https:\/\/commons.wikimedia.org\/wiki\/File:ZFS_Merkle_Tree_2.svg",
    "visual_download_url":"https:\/\/commons.wikimedia.org\/wiki\/Special:FilePath\/ZFS_Merkle_Tree_2.svg",
    "visual_license":"See file page (Wikimedia Commons)",
    "alt_text":"Merkle tree of blocks with hashes up to a root hash."
  },
  {
    "part_order":16,
    "part_slug":"w16-monitoring-anti-equivocation",
    "part_title":"Monitoring & Anti-Equivocation",
    "visual_id":"threat-model",
    "visual_title":"System threat model overview",
    "visual_page_url":"https:\/\/commons.wikimedia.org\/wiki\/File:System_threat_model.svg",
    "visual_download_url":"https:\/\/commons.wikimedia.org\/wiki\/Special:FilePath\/System_threat_model.svg",
    "visual_license":"See file page (Wikimedia Commons)",
    "alt_text":"Diagram connecting threats, vulnerabilities, exploits, controls, and assets."
  },
  {
    "part_order":17,
    "part_slug":"w17-issue-signed-civic-documents",
    "part_title":"Issue Signed Civic Documents",
    "visual_id":"digital-signature",
    "visual_title":"Digital signature: sign & verify",
    "visual_page_url":"https:\/\/commons.wikimedia.org\/wiki\/File:Digital_Signature_diagram.svg",
    "visual_download_url":"https:\/\/commons.wikimedia.org\/wiki\/Special:FilePath\/Digital_Signature_diagram.svg",
    "visual_license":"CC BY-SA 3.0 or GFDL (dual-licensed)",
    "alt_text":"Sender signs a hash with private key; verifier checks with public key."
  },
  {
    "part_order":18,
    "part_slug":"w18-transparency-log-anchoring",
    "part_title":"Transparency Log Anchoring",
    "visual_id":"merkle-tree",
    "visual_title":"Merkle tree (ZFS example)",
    "visual_page_url":"https:\/\/commons.wikimedia.org\/wiki\/File:ZFS_Merkle_Tree_2.svg",
    "visual_download_url":"https:\/\/commons.wikimedia.org\/wiki\/Special:FilePath\/ZFS_Merkle_Tree_2.svg",
    "visual_license":"See file page (Wikimedia Commons)",
    "alt_text":"Merkle tree of blocks with hashes up to a root hash."
  },
  {
    "part_order":19,
    "part_slug":"w19-offline-verification-package",
    "part_title":"Offline Verification Package",
    "visual_id":"custom-offline-bundle",
    "visual_title":"Custom: offline verification bundle",
    "visual_page_url":"",
    "visual_download_url":"",
    "visual_license":"You create this (recommended)",
    "alt_text":"Package contains document, signature, proofs, and log checkpoint for offline verify."
  },
  {
    "part_order":20,
    "part_slug":"w20-failure-survival-hardening",
    "part_title":"Failure Survival Hardening",
    "visual_id":"custom-hardening",
    "visual_title":"Custom: failure-mode matrix \/ blast radius",
    "visual_page_url":"",
    "visual_download_url":"",
    "visual_license":"You create this (recommended)",
    "alt_text":"Grid of failure types vs mitigations; shows blast radius and recovery steps."
  },
  {
    "part_order":21,
    "part_slug":"w21-reliability-slo-story",
    "part_title":"Reliability \/ SLO Story",
    "visual_id":"custom-slo",
    "visual_title":"Custom: SLO \/ error budget burn-down",
    "visual_page_url":"",
    "visual_download_url":"",
    "visual_license":"You create this (recommended)",
    "alt_text":"Error budget decreases with bad events; burn rate indicates urgency."
  },
  {
    "part_order":22,
    "part_slug":"w22-security-threat-model-story",
    "part_title":"Security \/ Threat Model Story",
    "visual_id":"threat-model",
    "visual_title":"System threat model overview",
    "visual_page_url":"https:\/\/commons.wikimedia.org\/wiki\/File:System_threat_model.svg",
    "visual_download_url":"https:\/\/commons.wikimedia.org\/wiki\/Special:FilePath\/System_threat_model.svg",
    "visual_license":"See file page (Wikimedia Commons)",
    "alt_text":"Diagram connecting threats, vulnerabilities, exploits, controls, and assets."
  },
  {
    "part_order":23,
    "part_slug":"w23-docs-demos-interview-narratives",
    "part_title":"Docs, Demos & Interview Narratives",
    "visual_id":"flow-while-loop",
    "visual_title":"While loop flowchart",
    "visual_page_url":"https:\/\/commons.wikimedia.org\/wiki\/File:While-loop-diagram.svg",
    "visual_download_url":"https:\/\/commons.wikimedia.org\/wiki\/Special:FilePath\/While-loop-diagram.svg",
    "visual_license":"CC0 1.0 (public domain dedication)",
    "alt_text":"Flowchart of a while loop: check condition, execute body, repeat."
  },
  {
    "part_order":24,
    "part_slug":"w24-final-interview-prep-publication",
    "part_title":"Final Interview Prep & Publication",
    "visual_id":"flow-while-loop",
    "visual_title":"While loop flowchart",
    "visual_page_url":"https:\/\/commons.wikimedia.org\/wiki\/File:While-loop-diagram.svg",
    "visual_download_url":"https:\/\/commons.wikimedia.org\/wiki\/Special:FilePath\/While-loop-diagram.svg",
    "visual_license":"CC0 1.0 (public domain dedication)",
    "alt_text":"Flowchart of a while loop: check condition, execute body, repeat."
  }
]